Zone_name,Network_zones,Network_Lines,z1,z2,z3,z4,z5,z6,z7,z8,z9,z10,z11,z12,z13,z14,z15,z16,z17,z18,z19,z20,z21,z22,z23,z24,z25,z26,z27,z28,z29,z30,z31,z32,z33,z34,z35,z36,z37,z38,z39,z40,z41,z42,z43,z44,z45,z46,z47,z48,z49,z50,z51,z52,z53,z54,z55,z56,z57,z58,z59,z60,z61,z62,z63,z64,z65,z66,z67,z68,z69,z70,z71,z72,z73,z74,z75,z76,Line_Max_Flow_MW,transmission_path_name,distance_km,Line_Loss_Percentage,Line_Max_Reinforcement_MW,Line_Reinforcement_Cost_per_MWyr,DerateCapRes_1,CapRes_1,CapRes_Excl_1,bus0,bus1,bus0_x,bus0_y,bus1_x,bus1_y
DE1 0,z1,1,1,0,0,-1,0,0,0,0,0,0,0,0,0,0,0,0,0,0,0,0,0,0,0,0,0,0,0,0,0,0,0,0,0,0,0,0,0,0,0,0,0,0,0,0,0,0,0,0,0,0,0,0,0,0,0,0,0,0,0,0,0,0,0,0,0,0,0,0,0,0,0,0,0,0,0,0,4362.853663,DE1 0_to_DE1 11,192.8397702,0.012052486,20000,9160.770253,0.95,0,0,DE1 0,DE1 11,8.585665972,49.23105928,8.059747295,47.88802187
DE1 1,z2,2,1,0,0,0,-1,0,0,0,0,0,0,0,0,0,0,0,0,0,0,0,0,0,0,0,0,0,0,0,0,0,0,0,0,0,0,0,0,0,0,0,0,0,0,0,0,0,0,0,0,0,0,0,0,0,0,0,0,0,0,0,0,0,0,0,0,0,0,0,0,0,0,0,0,0,0,0,15060.90012,DE1 0_to_DE1 12,140.5648017,0.0087853,20000,6677.470382,0.95,0,0,DE1 0,DE1 12,8.585665972,49.23105928,9.580929922,48.46048444
DE1 10,z3,3,1,0,0,0,0,0,0,0,0,0,-1,0,0,0,0,0,0,0,0,0,0,0,0,0,0,0,0,0,0,0,0,0,0,0,0,0,0,0,0,0,0,0,0,0,0,0,0,0,0,0,0,0,0,0,0,0,0,0,0,0,0,0,0,0,0,0,0,0,0,0,0,0,0,0,0,0,3566.015485,DE1 0_to_DE1 18,163.1217338,0.010195108,20000,7749.02773,0.95,0,0,DE1 0,DE1 18,8.585665972,49.23105928,6.961294781,49.74481059
DE1 11,z4,4,1,0,0,0,0,0,0,0,0,0,0,0,0,0,0,0,0,-1,0,0,0,0,0,0,0,0,0,0,0,0,0,0,0,0,0,0,0,0,0,0,0,0,0,0,0,0,0,0,0,0,0,0,0,0,0,0,0,0,0,0,0,0,0,0,0,0,0,0,0,0,0,0,0,0,0,0,9117.540976,DE1 0_to_DE1 7,117.9002226,0.007368764,20000,5600.799309,0.95,0,0,DE1 0,DE1 7,8.585665972,49.23105928,8.614807726,50.07909121
DE1 12,z5,5,0,1,0,0,0,0,-1,0,0,0,0,0,0,0,0,0,0,0,0,0,0,0,0,0,0,0,0,0,0,0,0,0,0,0,0,0,0,0,0,0,0,0,0,0,0,0,0,0,0,0,0,0,0,0,0,0,0,0,0,0,0,0,0,0,0,0,0,0,0,0,0,0,0,0,0,0,2377.343656,DE1 1_to_DE1 14,176.6681518,0.011041759,20000,8392.544485,0.95,0,0,DE1 1,DE1 14,9.745630895,51.04223934,11.75030038,51.22456746
DE1 13,z6,6,0,1,0,0,0,0,0,-1,0,0,0,0,0,0,0,0,0,0,0,0,0,0,0,0,0,0,0,0,0,0,0,0,0,0,0,0,0,0,0,0,0,0,0,0,0,0,0,0,0,0,0,0,0,0,0,0,0,0,0,0,0,0,0,0,0,0,0,0,0,0,0,0,0,0,0,0,2377.343656,DE1 1_to_DE1 15,172.8122916,0.010800768,20000,8209.373508,0.95,0,0,DE1 1,DE1 15,9.745630895,51.04223934,10.35871363,52.2258987
DE1 14,z7,7,0,1,0,0,0,0,0,0,0,0,0,0,0,0,0,0,0,-1,0,0,0,0,0,0,0,0,0,0,0,0,0,0,0,0,0,0,0,0,0,0,0,0,0,0,0,0,0,0,0,0,0,0,0,0,0,0,0,0,0,0,0,0,0,0,0,0,0,0,0,0,0,0,0,0,0,0,2377.343656,DE1 1_to_DE1 7,167.0025114,0.010437657,20000,7933.382401,0.95,0,0,DE1 1,DE1 7,9.745630895,51.04223934,8.614807726,50.07909121
DE1 15,z8,8,0,1,0,0,0,0,0,0,0,0,0,0,0,0,0,0,0,0,0,-1,0,0,0,0,0,0,0,0,0,0,0,0,0,0,0,0,0,0,0,0,0,0,0,0,0,0,0,0,0,0,0,0,0,0,0,0,0,0,0,0,0,0,0,0,0,0,0,0,0,0,0,0,0,0,0,0,4754.687313,DE1 1_to_DE1 9,161.3192882,0.010082456,20000,7663.403327,0.95,0,0,DE1 1,DE1 9,9.745630895,51.04223934,8.718996773,52.01133541
DE1 16,z9,9,0,0,1,0,0,0,0,0,-1,0,0,0,0,0,0,0,0,0,0,0,0,0,0,0,0,0,0,0,0,0,0,0,0,0,0,0,0,0,0,0,0,0,0,0,0,0,0,0,0,0,0,0,0,0,0,0,0,0,0,0,0,0,0,0,0,0,0,0,0,0,0,0,0,0,0,0,2377.343656,DE1 10_to_DE1 16,111.3092027,0.006956825,20000,5287.695749,0.95,0,0,DE1 10,DE1 16,8.442956595,53.18344976,7.383087925,52.70033778
DE1 17,z10,10,0,0,1,0,0,0,0,0,0,0,0,0,0,0,0,-1,0,0,0,0,0,0,0,0,0,0,0,0,0,0,0,0,0,0,0,0,0,0,0,0,0,0,0,0,0,0,0,0,0,0,0,0,0,0,0,0,0,0,0,0,0,0,0,0,0,0,0,0,0,0,0,0,0,0,0,0,3971.020013,DE1 10_to_DE1 5,129.4868617,0.008092929,20000,6151.217615,0.95,0,0,DE1 10,DE1 5,8.442956595,53.18344976,9.656115621,53.77222271
DE1 18,z11,11,0,0,1,0,0,0,0,0,0,0,0,0,0,0,0,0,0,0,0,-1,0,0,0,0,0,0,0,0,0,0,0,0,0,0,0,0,0,0,0,0,0,0,0,0,0,0,0,0,0,0,0,0,0,0,0,0,0,0,0,0,0,0,0,0,0,0,0,0,0,0,0,0,0,0,0,0,1593.676357,DE1 10_to_DE1 9,164.5745525,0.01028591,20000,7818.043255,0.95,0,0,DE1 10,DE1 9,8.442956595,53.18344976,8.718996773,52.01133541
DE1 19,z12,12,0,0,0,1,-1,0,0,0,0,0,0,0,0,0,0,0,0,0,0,0,0,0,0,0,0,0,0,0,0,0,0,0,0,0,0,0,0,0,0,0,0,0,0,0,0,0,0,0,0,0,0,0,0,0,0,0,0,0,0,0,0,0,0,0,0,0,0,0,0,0,0,0,0,0,0,0,4754.687313,DE1 11_to_DE1 12,161.8963819,0.010118524,20000,7690.817917,0.95,0,0,DE1 11,DE1 12,8.059747295,47.88802187,9.580929922,48.46048444
DE1 2,z13,13,0,0,0,1,0,0,0,0,0,0,0,0,0,0,0,0,0,0,0,0,0,0,0,0,0,0,0,0,0,0,0,0,0,0,0,0,0,0,0,-1,0,0,0,0,0,0,0,0,0,0,0,0,0,0,0,0,0,0,0,0,0,0,0,0,0,0,0,0,0,0,0,0,0,0,0,0,3964.434574,DE1 11_to_FR1 17,91.49946478,0.005718717,20000,4346.642678,0.95,0,0,DE1 11,FR1 17,8.059747295,47.88802187,7.098681163,48.02632462
DE1 3,z14,14,0,0,0,0,1,0,0,0,0,0,0,-1,0,0,0,0,0,0,0,0,0,0,0,0,0,0,0,0,0,0,0,0,0,0,0,0,0,0,0,0,0,0,0,0,0,0,0,0,0,0,0,0,0,0,0,0,0,0,0,0,0,0,0,0,0,0,0,0,0,0,0,0,0,0,0,0,2377.343656,DE1 12_to_DE1 19,223.2780571,0.013954879,20000,10606.72797,0.95,0,0,DE1 12,DE1 19,9.580929922,48.46048444,10.72308407,49.88281742
DE1 4,z15,15,0,0,0,0,1,0,0,0,0,0,0,0,0,0,-1,0,0,0,0,0,0,0,0,0,0,0,0,0,0,0,0,0,0,0,0,0,0,0,0,0,0,0,0,0,0,0,0,0,0,0,0,0,0,0,0,0,0,0,0,0,0,0,0,0,0,0,0,0,0,0,0,0,0,0,0,0,5551.525491,DE1 12_to_DE1 4,168.4000708,0.010525004,20000,7999.772859,0.95,0,0,DE1 12,DE1 4,9.580929922,48.46048444,11.39973609,48.35883243
DE1 5,z16,16,0,0,0,0,0,1,-1,0,0,0,0,0,0,0,0,0,0,0,0,0,0,0,0,0,0,0,0,0,0,0,0,0,0,0,0,0,0,0,0,0,0,0,0,0,0,0,0,0,0,0,0,0,0,0,0,0,0,0,0,0,0,0,0,0,0,0,0,0,0,0,0,0,0,0,0,0,2377.343656,DE1 13_to_DE1 14,341.267308,0.021329207,20000,16211.75653,0.95,0,0,DE1 13,DE1 14,12.50484475,48.81759488,11.75030038,51.22456746
DE1 6,z17,17,0,0,0,0,0,1,0,0,0,0,0,-1,0,0,0,0,0,0,0,0,0,0,0,0,0,0,0,0,0,0,0,0,0,0,0,0,0,0,0,0,0,0,0,0,0,0,0,0,0,0,0,0,0,0,0,0,0,0,0,0,0,0,0,0,0,0,0,0,0,0,0,0,0,0,0,0,796.8381785,DE1 13_to_DE1 19,218.9607842,0.013685049,20000,10401.63778,0.95,0,0,DE1 13,DE1 19,12.50484475,48.81759488,10.72308407,49.88281742
DE1 7,z18,18,0,0,0,0,0,1,0,0,0,0,0,0,0,0,-1,0,0,0,0,0,0,0,0,0,0,0,0,0,0,0,0,0,0,0,0,0,0,0,0,0,0,0,0,0,0,0,0,0,0,0,0,0,0,0,0,0,0,0,0,0,0,0,0,0,0,0,0,0,0,0,0,0,0,0,0,0,4362.853663,DE1 13_to_DE1 4,119.9531437,0.007497071,20000,5698.322446,0.95,0,0,DE1 13,DE1 4,12.50484475,48.81759488,11.39973609,48.35883243
DE1 8,z19,19,0,0,0,0,0,0,1,-1,0,0,0,0,0,0,0,0,0,0,0,0,0,0,0,0,0,0,0,0,0,0,0,0,0,0,0,0,0,0,0,0,0,0,0,0,0,0,0,0,0,0,0,0,0,0,0,0,0,0,0,0,0,0,0,0,0,0,0,0,0,0,0,0,0,0,0,0,2377.343656,DE1 14_to_DE1 15,183.6383195,0.011477395,20000,8723.659301,0.95,0,0,DE1 14,DE1 15,11.75030038,51.22456746,10.35871363,52.2258987
DE1 9,z20,20,0,0,0,0,0,0,1,0,0,-1,0,0,0,0,0,0,0,0,0,0,0,0,0,0,0,0,0,0,0,0,0,0,0,0,0,0,0,0,0,0,0,0,0,0,0,0,0,0,0,0,0,0,0,0,0,0,0,0,0,0,0,0,0,0,0,0,0,0,0,0,0,0,0,0,0,0,3174.181835,DE1 14_to_DE1 17,361.8439804,0.022615249,20000,17189.24249,0.95,0,0,DE1 14,DE1 17,11.75030038,51.22456746,12.62697015,53.77264365
ES1 0,z21,21,0,0,0,0,0,0,1,0,0,0,0,-1,0,0,0,0,0,0,0,0,0,0,0,0,0,0,0,0,0,0,0,0,0,0,0,0,0,0,0,0,0,0,0,0,0,0,0,0,0,0,0,0,0,0,0,0,0,0,0,0,0,0,0,0,0,0,0,0,0,0,0,0,0,0,0,0,10698.04645,DE1 14_to_DE1 19,207.3815449,0.012961347,20000,9851.571001,0.95,0,0,DE1 14,DE1 19,11.75030038,51.22456746,10.72308407,49.88281742
ES1 1,z22,22,0,0,0,0,0,0,1,0,0,0,0,0,0,-1,0,0,0,0,0,0,0,0,0,0,0,0,0,0,0,0,0,0,0,0,0,0,0,0,0,0,0,0,0,0,0,0,0,0,0,0,0,0,0,0,0,0,0,0,0,0,0,0,0,0,0,0,0,0,0,0,0,0,0,0,0,0,7132.030969,DE1 14_to_DE1 3,239.4673588,0.01496671,20000,11375.79378,0.95,0,0,DE1 14,DE1 3,11.75030038,51.22456746,13.55352574,52.53973418
ES1 2,z23,23,0,0,0,0,0,0,1,0,0,0,0,0,0,0,0,0,-1,0,0,0,0,0,0,0,0,0,0,0,0,0,0,0,0,0,0,0,0,0,0,0,0,0,0,0,0,0,0,0,0,0,0,0,0,0,0,0,0,0,0,0,0,0,0,0,0,0,0,0,0,0,0,0,0,0,0,0,6348.36367,DE1 14_to_DE1 6,165.1248065,0.0103203,20000,7844.182838,0.95,0,0,DE1 14,DE1 6,11.75030038,51.22456746,13.6417236,51.1474873
ES1 3,z24,24,0,0,0,0,0,0,0,1,0,0,0,0,0,0,0,-1,0,0,0,0,0,0,0,0,0,0,0,0,0,0,0,0,0,0,0,0,0,0,0,0,0,0,0,0,0,0,0,0,0,0,0,0,0,0,0,0,0,0,0,0,0,0,0,0,0,0,0,0,0,0,0,0,0,0,0,0,2377.343656,DE1 15_to_DE1 5,222.8170537,0.013926066,20000,10584.8282,0.95,0,0,DE1 15,DE1 5,10.35871363,52.2258987,9.656115621,53.77222271
ES1 4,z25,25,0,0,0,0,0,0,0,1,0,0,0,0,0,0,0,0,0,0,0,-1,0,0,0,0,0,0,0,0,0,0,0,0,0,0,0,0,0,0,0,0,0,0,0,0,0,0,0,0,0,0,0,0,0,0,0,0,0,0,0,0,0,0,0,0,0,0,0,0,0,0,0,0,0,0,0,0,796.8381785,DE1 15_to_DE1 9,143.0825182,0.008942657,20000,6797.073421,0.95,0,0,DE1 15,DE1 9,10.35871363,52.2258987,8.718996773,52.01133541
ES1 5,z26,26,0,0,0,0,0,0,0,0,1,0,0,0,-1,0,0,0,0,0,0,0,0,0,0,0,0,0,0,0,0,0,0,0,0,0,0,0,0,0,0,0,0,0,0,0,0,0,0,0,0,0,0,0,0,0,0,0,0,0,0,0,0,0,0,0,0,0,0,0,0,0,0,0,0,0,0,0,7132.030969,DE1 16_to_DE1 2,182.7953894,0.011424712,20000,8683.616268,0.95,0,0,DE1 16,DE1 2,7.383087925,52.70033778,7.69004145,51.39881774
ES1 6,z27,27,0,0,0,0,0,0,0,0,1,0,0,0,0,0,0,0,0,0,-1,0,0,0,0,0,0,0,0,0,0,0,0,0,0,0,0,0,0,0,0,0,0,0,0,0,0,0,0,0,0,0,0,0,0,0,0,0,0,0,0,0,0,0,0,0,0,0,0,0,0,0,0,0,0,0,0,0,0,DE1 16_to_DE1 8,220.5950437,0.01378719,20000,10479.27257,0.95,0,0,DE1 16,DE1 8,7.383087925,52.70033778,6.782045751,51.15711695
ES1 7,z28,28,0,0,0,0,0,0,0,0,1,0,0,0,0,0,0,0,0,0,0,-1,0,0,0,0,0,0,0,0,0,0,0,0,0,0,0,0,0,0,0,0,0,0,0,0,0,0,0,0,0,0,0,0,0,0,0,0,0,0,0,0,0,0,0,0,0,0,0,0,0,0,0,0,0,0,0,0,4754.687313,DE1 16_to_DE1 9,148.4288535,0.009276803,20000,7051.048776,0.95,0,0,DE1 16,DE1 9,7.383087925,52.70033778,8.718996773,52.01133541
ES1 8,z29,29,0,0,0,0,0,0,0,0,0,1,0,0,0,-1,0,0,0,0,0,0,0,0,0,0,0,0,0,0,0,0,0,0,0,0,0,0,0,0,0,0,0,0,0,0,0,0,0,0,0,0,0,0,0,0,0,0,0,0,0,0,0,0,0,0,0,0,0,0,0,0,0,0,0,0,0,0,3174.181835,DE1 17_to_DE1 3,187.9589297,0.011747433,20000,8928.908029,0.95,0,0,DE1 17,DE1 3,12.62697015,53.77264365,13.55352574,52.53973418
ES4 0,z30,30,0,0,0,0,0,0,0,0,0,1,0,0,0,0,0,-1,0,0,0,0,0,0,0,0,0,0,0,0,0,0,0,0,0,0,0,0,0,0,0,0,0,0,0,0,0,0,0,0,0,0,0,0,0,0,0,0,0,0,0,0,0,0,0,0,0,0,0,0,0,0,0,0,0,0,0,0,2377.343656,DE1 17_to_DE1 5,244.0212724,0.01525133,20000,11592.12548,0.95,0,0,DE1 17,DE1 5,12.62697015,53.77264365,9.656115621,53.77222271
FR1 0,z31,31,0,0,0,0,0,0,0,0,0,0,1,0,0,0,0,0,0,-1,0,0,0,0,0,0,0,0,0,0,0,0,0,0,0,0,0,0,0,0,0,0,0,0,0,0,0,0,0,0,0,0,0,0,0,0,0,0,0,0,0,0,0,0,0,0,0,0,0,0,0,0,0,0,0,0,0,0,4754.687313,DE1 18_to_DE1 7,155.1187848,0.009694924,20000,7368.851081,0.95,0,0,DE1 18,DE1 7,6.961294781,49.74481059,8.614807726,50.07909121
FR1 1,z32,32,0,0,0,0,0,0,0,0,0,0,1,0,0,0,0,0,0,0,-1,0,0,0,0,0,0,0,0,0,0,0,0,0,0,0,0,0,0,0,0,0,0,0,0,0,0,0,0,0,0,0,0,0,0,0,0,0,0,0,0,0,0,0,0,0,0,0,0,0,0,0,0,0,0,0,0,0,7132.030969,DE1 18_to_DE1 8,196.9414298,0.012308839,20000,9355.617827,0.95,0,0,DE1 18,DE1 8,6.961294781,49.74481059,6.782045751,51.15711695
FR1 10,z33,33,0,0,0,0,0,0,0,0,0,0,1,0,0,0,0,0,0,0,0,0,0,0,0,0,0,0,0,0,0,0,0,0,0,0,0,0,0,0,0,0,0,0,0,-1,0,0,0,0,0,0,0,0,0,0,0,0,0,0,0,0,0,0,0,0,0,0,0,0,0,0,0,0,0,0,0,0,2775.762746,DE1 18_to_FR1 4,152.5992266,0.009537452,20000,7249.160556,0.95,0,0,DE1 18,FR1 4,6.961294781,49.74481059,5.960518626,48.861879
FR1 11,z34,34,0,0,0,0,0,0,0,0,0,0,0,1,0,0,-1,0,0,0,0,0,0,0,0,0,0,0,0,0,0,0,0,0,0,0,0,0,0,0,0,0,0,0,0,0,0,0,0,0,0,0,0,0,0,0,0,0,0,0,0,0,0,0,0,0,0,0,0,0,0,0,0,0,0,0,0,0,4362.853663,DE1 19_to_DE1 4,220.5835691,0.013786473,20000,10478.72748,0.95,0,0,DE1 19,DE1 4,10.72308407,49.88281742,11.39973609,48.35883243
FR1 12,z35,35,0,0,0,0,0,0,0,0,0,0,0,1,0,0,0,0,0,-1,0,0,0,0,0,0,0,0,0,0,0,0,0,0,0,0,0,0,0,0,0,0,0,0,0,0,0,0,0,0,0,0,0,0,0,0,0,0,0,0,0,0,0,0,0,0,0,0,0,0,0,0,0,0,0,0,0,0,5551.525491,DE1 19_to_DE1 7,190.3930953,0.011899568,20000,9044.542018,0.95,0,0,DE1 19,DE1 7,10.72308407,49.88281742,8.614807726,50.07909121
FR1 13,z36,36,0,0,0,0,0,0,0,0,0,0,0,0,1,0,0,0,0,-1,0,0,0,0,0,0,0,0,0,0,0,0,0,0,0,0,0,0,0,0,0,0,0,0,0,0,0,0,0,0,0,0,0,0,0,0,0,0,0,0,0,0,0,0,0,0,0,0,0,0,0,0,0,0,0,0,0,0,4754.687313,DE1 2_to_DE1 7,200.6569476,0.012541059,20000,9532.121898,0.95,0,0,DE1 2,DE1 7,7.69004145,51.39881774,8.614807726,50.07909121
FR1 14,z37,37,0,0,0,0,0,0,0,0,0,0,0,0,1,0,0,0,0,0,-1,0,0,0,0,0,0,0,0,0,0,0,0,0,0,0,0,0,0,0,0,0,0,0,0,0,0,0,0,0,0,0,0,0,0,0,0,0,0,0,0,0,0,0,0,0,0,0,0,0,0,0,0,0,0,0,0,0,20220.59196,DE1 2_to_DE1 8,85.79694787,0.005362309,20000,4075.747068,0.95,0,0,DE1 2,DE1 8,7.69004145,51.39881774,6.782045751,51.15711695
FR1 15,z38,38,0,0,0,0,0,0,0,0,0,0,0,0,1,0,0,0,0,0,0,-1,0,0,0,0,0,0,0,0,0,0,0,0,0,0,0,0,0,0,0,0,0,0,0,0,0,0,0,0,0,0,0,0,0,0,0,0,0,0,0,0,0,0,0,0,0,0,0,0,0,0,0,0,0,0,0,0,4754.687313,DE1 2_to_DE1 9,122.8935438,0.007680846,20000,5838.004885,0.95,0,0,DE1 2,DE1 9,7.69004145,51.39881774,8.718996773,52.01133541
FR1 16,z39,39,0,0,0,0,0,0,0,0,0,0,0,0,0,1,0,0,-1,0,0,0,0,0,0,0,0,0,0,0,0,0,0,0,0,0,0,0,0,0,0,0,0,0,0,0,0,0,0,0,0,0,0,0,0,0,0,0,0,0,0,0,0,0,0,0,0,0,0,0,0,0,0,0,0,0,0,0,7132.030969,DE1 3_to_DE1 6,193.6615966,0.01210385,20000,9199.810765,0.95,0,0,DE1 3,DE1 6,13.55352574,52.53973418,13.6417236,51.1474873
FR1 17,z40,40,0,0,0,0,0,0,0,0,0,0,0,0,0,0,0,1,0,0,0,-1,0,0,0,0,0,0,0,0,0,0,0,0,0,0,0,0,0,0,0,0,0,0,0,0,0,0,0,0,0,0,0,0,0,0,0,0,0,0,0,0,0,0,0,0,0,0,0,0,0,0,0,0,0,0,0,0,2377.343656,DE1 5_to_DE1 9,257.052696,0.016065793,20000,12211.17764,0.95,0,0,DE1 5,DE1 9,9.656115621,53.77222271,8.718996773,52.01133541
FR1 18,z41,41,0,0,0,0,0,0,0,0,0,0,0,0,0,0,0,0,0,1,0,-1,0,0,0,0,0,0,0,0,0,0,0,0,0,0,0,0,0,0,0,0,0,0,0,0,0,0,0,0,0,0,0,0,0,0,0,0,0,0,0,0,0,0,0,0,0,0,0,0,0,0,0,0,0,0,0,0,3566.015485,DE1 7_to_DE1 9,268.7238914,0.016795243,20000,12765.61276,0.95,0,0,DE1 7,DE1 9,8.614807726,50.07909121,8.718996773,52.01133541
FR1 2,z42,42,0,0,0,0,0,0,0,0,0,0,0,0,0,0,0,0,0,0,0,0,1,0,0,0,0,-1,0,0,0,0,0,0,0,0,0,0,0,0,0,0,0,0,0,0,0,0,0,0,0,0,0,0,0,0,0,0,0,0,0,0,0,0,0,0,0,0,0,0,0,0,0,0,0,0,0,0,7132.030969,ES1 0_to_ES1 5,318.6365417,0.019914784,20000,15136.69172,0.95,0,0,ES1 0,ES1 5,-5.521155106,41.91726953,-3.650686811,40.1106101
FR1 3,z43,43,0,0,0,0,0,0,0,0,0,0,0,0,0,0,0,0,0,0,0,0,1,0,0,0,0,0,-1,0,0,0,0,0,0,0,0,0,0,0,0,0,0,0,0,0,0,0,0,0,0,0,0,0,0,0,0,0,0,0,0,0,0,0,0,0,0,0,0,0,0,0,0,0,0,0,0,0,9920.964594,ES1 0_to_ES1 6,294.2172818,0.01838858,20000,13976.66529,0.95,0,0,ES1 0,ES1 6,-5.521155106,41.91726953,-2.896801354,42.76489618
FR1 4,z44,44,0,0,0,0,0,0,0,0,0,0,0,0,0,0,0,0,0,0,0,0,1,0,0,0,0,0,0,-1,0,0,0,0,0,0,0,0,0,0,0,0,0,0,0,0,0,0,0,0,0,0,0,0,0,0,0,0,0,0,0,0,0,0,0,0,0,0,0,0,0,0,0,0,0,0,0,0,13486.98008,ES1 0_to_ES1 7,263.2608363,0.016453802,20000,12506.09268,0.95,0,0,ES1 0,ES1 7,-5.521155106,41.91726953,-7.87453434,42.66362337
FR1 5,z45,45,0,0,0,0,0,0,0,0,0,0,0,0,0,0,0,0,0,0,0,0,1,0,0,0,0,0,0,0,-1,0,0,0,0,0,0,0,0,0,0,0,0,0,0,0,0,0,0,0,0,0,0,0,0,0,0,0,0,0,0,0,0,0,0,0,0,0,0,0,0,0,0,0,0,0,0,0,2377.343656,ES1 0_to_ES1 8,354.3793799,0.022148711,20000,16834.63986,0.95,0,0,ES1 0,ES1 8,-5.521155106,41.91726953,-6.151081793,39.41281179
FR1 6,z46,46,0,0,0,0,0,0,0,0,0,0,0,0,0,0,0,0,0,0,0,0,0,1,0,-1,0,0,0,0,0,0,0,0,0,0,0,0,0,0,0,0,0,0,0,0,0,0,0,0,0,0,0,0,0,0,0,0,0,0,0,0,0,0,0,0,0,0,0,0,0,0,0,0,0,0,0,0,10306.2128,ES1 1_to_ES1 3,328.5604185,0.020535026,20000,15608.12121,0.95,0,0,ES1 1,ES1 3,-0.498247314,40.7899949,-1.068553391,38.46729399
FR1 7,z47,47,0,0,0,0,0,0,0,0,0,0,0,0,0,0,0,0,0,0,0,0,0,1,0,0,-1,0,0,0,0,0,0,0,0,0,0,0,0,0,0,0,0,0,0,0,0,0,0,0,0,0,0,0,0,0,0,0,0,0,0,0,0,0,0,0,0,0,0,0,0,0,0,0,0,0,0,0,11103.05098,ES1 1_to_ES1 4,246.5969598,0.01541231,20000,11714.4824,0.95,0,0,ES1 1,ES1 4,-0.498247314,40.7899949,1.532231515,41.6937861
FR1 8,z48,48,0,0,0,0,0,0,0,0,0,0,0,0,0,0,0,0,0,0,0,0,0,1,0,0,0,-1,0,0,0,0,0,0,0,0,0,0,0,0,0,0,0,0,0,0,0,0,0,0,0,0,0,0,0,0,0,0,0,0,0,0,0,0,0,0,0,0,0,0,0,0,0,0,0,0,0,0,1195.257268,ES1 1_to_ES1 5,346.5237959,0.021657737,20000,16461.46372,0.95,0,0,ES1 1,ES1 5,-0.498247314,40.7899949,-3.650686811,40.1106101
FR1 9,z49,49,0,0,0,0,0,0,0,0,0,0,0,0,0,0,0,0,0,0,0,0,0,1,0,0,0,0,-1,0,0,0,0,0,0,0,0,0,0,0,0,0,0,0,0,0,0,0,0,0,0,0,0,0,0,0,0,0,0,0,0,0,0,0,0,0,0,0,0,0,0,0,0,0,0,0,0,0,8725.707326,ES1 1_to_ES1 6,370.3177485,0.023144859,20000,17591.7852,0.95,0,0,ES1 1,ES1 6,-0.498247314,40.7899949,-2.896801354,42.76489618
GB0 0,z50,50,0,0,0,0,0,0,0,0,0,0,0,0,0,0,0,0,0,0,0,0,0,1,0,0,0,0,0,0,0,0,0,0,0,0,0,0,0,0,0,0,0,0,0,0,0,0,0,-1,0,0,0,0,0,0,0,0,0,0,0,0,0,0,0,0,0,0,0,0,0,0,0,0,0,0,0,0,398.4190892,ES1 1_to_FR1 8,381.3304998,0.023833156,20000,18114.94121,0.95,0,0,ES1 1,FR1 8,-0.498247314,40.7899949,-0.428850811,43.53302298
GB0 1,z51,51,0,0,0,0,0,0,0,0,0,0,0,0,0,0,0,0,0,0,0,0,0,0,1,-1,0,0,0,0,0,0,0,0,0,0,0,0,0,0,0,0,0,0,0,0,0,0,0,0,0,0,0,0,0,0,0,0,0,0,0,0,0,0,0,0,0,0,0,0,0,0,0,0,0,0,0,0,1587.090917,ES1 2_to_ES1 3,492.4638983,0.030778994,20000,23394.28545,0.95,0,0,ES1 2,ES1 3,-5.238705483,37.16218302,-1.068553391,38.46729399
GB0 10,z52,52,0,0,0,0,0,0,0,0,0,0,0,0,0,0,0,0,0,0,0,0,0,0,1,0,0,-1,0,0,0,0,0,0,0,0,0,0,0,0,0,0,0,0,0,0,0,0,0,0,0,0,0,0,0,0,0,0,0,0,0,0,0,0,0,0,0,0,0,0,0,0,0,0,0,0,0,0,8327.288237,ES1 2_to_ES1 5,444.5816711,0.027786354,20000,21119.66087,0.95,0,0,ES1 2,ES1 5,-5.238705483,37.16218302,-3.650686811,40.1106101
GB0 11,z53,53,0,0,0,0,0,0,0,0,0,0,0,0,0,0,0,0,0,0,0,0,0,0,1,0,0,0,0,0,-1,0,0,0,0,0,0,0,0,0,0,0,0,0,0,0,0,0,0,0,0,0,0,0,0,0,0,0,0,0,0,0,0,0,0,0,0,0,0,0,0,0,0,0,0,0,0,0,7530.450059,ES1 2_to_ES1 8,328.2718737,0.020516992,20000,15594.41402,0.95,0,0,ES1 2,ES1 8,-5.238705483,37.16218302,-6.151081793,39.41281179
GB0 12,z54,54,0,0,0,0,0,0,0,0,0,0,0,0,0,0,0,0,0,0,0,0,0,0,0,1,0,-1,0,0,0,0,0,0,0,0,0,0,0,0,0,0,0,0,0,0,0,0,0,0,0,0,0,0,0,0,0,0,0,0,0,0,0,0,0,0,0,0,0,0,0,0,0,0,0,0,0,0,5153.106402,ES1 3_to_ES1 5,359.5959991,0.02247475,20000,17082.45311,0.95,0,0,ES1 3,ES1 5,-1.068553391,38.46729399,-3.650686811,40.1106101
GB0 2,z55,55,0,0,0,0,0,0,0,0,0,0,0,0,0,0,0,0,0,0,0,0,0,0,0,0,1,0,0,0,0,0,0,0,0,0,0,0,0,0,0,0,0,0,0,0,0,-1,0,0,0,0,0,0,0,0,0,0,0,0,0,0,0,0,0,0,0,0,0,0,0,0,0,0,0,0,0,0,1188.671828,ES1 4_to_FR1 6,253.4169609,0.01583856,20000,12038.46362,0.95,0,0,ES1 4,FR1 6,1.532231515,41.6937861,1.729674829,43.51121311
GB0 3,z56,56,0,0,0,0,0,0,0,0,0,0,0,0,0,0,0,0,0,0,0,0,0,0,0,0,0,1,-1,0,0,0,0,0,0,0,0,0,0,0,0,0,0,0,0,0,0,0,0,0,0,0,0,0,0,0,0,0,0,0,0,0,0,0,0,0,0,0,0,0,0,0,0,0,0,0,0,0,3566.015485,ES1 5_to_ES1 6,377.1945283,0.023574658,20000,17918.46366,0.95,0,0,ES1 5,ES1 6,-3.650686811,40.1106101,-2.896801354,42.76489618
GB0 4,z57,57,0,0,0,0,0,0,0,0,0,0,0,0,0,0,0,0,0,0,0,0,0,0,0,0,0,1,0,0,-1,0,0,0,0,0,0,0,0,0,0,0,0,0,0,0,0,0,0,0,0,0,0,0,0,0,0,0,0,0,0,0,0,0,0,0,0,0,0,0,0,0,0,0,0,0,0,0,10704.63189,ES1 5_to_ES1 8,284.2051256,0.01776282,20000,13501.04212,0.95,0,0,ES1 5,ES1 8,-3.650686811,40.1106101,-6.151081793,39.41281179
GB0 5,z58,58,0,0,0,0,0,0,0,0,0,0,0,0,0,0,0,0,0,0,0,0,0,0,0,0,0,0,1,0,0,0,0,0,0,0,0,0,0,0,0,0,0,0,0,0,0,0,0,-1,0,0,0,0,0,0,0,0,0,0,0,0,0,0,0,0,0,0,0,0,0,0,0,0,0,0,0,0,1587.090917,ES1 6_to_FR1 8,272.0739748,0.017004623,20000,12924.75703,0.95,0,0,ES1 6,FR1 8,-2.896801354,42.76489618,-0.428850811,43.53302298
GB0 6,z59,59,0,0,0,0,0,0,0,0,0,0,0,0,0,0,0,0,0,0,0,0,0,0,0,0,0,0,0,0,0,0,1,0,0,-1,0,0,0,0,0,0,0,0,0,0,0,0,0,0,0,0,0,0,0,0,0,0,0,0,0,0,0,0,0,0,0,0,0,0,0,0,0,0,0,0,0,0,3964.434574,FR1 0_to_FR1 11,264.8327307,0.016552046,20000,12580.76484,0.95,0,0,FR1 0,FR1 11,2.285930386,46.41651176,-0.147786872,45.53878517
GB0 7,z60,60,0,0,0,0,0,0,0,0,0,0,0,0,0,0,0,0,0,0,0,0,0,0,0,0,0,0,0,0,0,0,1,0,0,0,-1,0,0,0,0,0,0,0,0,0,0,0,0,0,0,0,0,0,0,0,0,0,0,0,0,0,0,0,0,0,0,0,0,0,0,0,0,0,0,0,0,0,6746.782759,FR1 0_to_FR1 12,202.4856022,0.01265535,20000,9618.991352,0.95,0,0,FR1 0,FR1 12,2.285930386,46.41651176,2.837637634,45.01155887
GB0 8,z61,61,0,0,0,0,0,0,0,0,0,0,0,0,0,0,0,0,0,0,0,0,0,0,0,0,0,0,0,0,0,0,1,0,0,0,0,0,0,-1,0,0,0,0,0,0,0,0,0,0,0,0,0,0,0,0,0,0,0,0,0,0,0,0,0,0,0,0,0,0,0,0,0,0,0,0,0,0,3566.015485,FR1 0_to_FR1 15,247.1351089,0.015445944,20000,11740.04694,0.95,0,0,FR1 0,FR1 15,2.285930386,46.41651176,3.785280059,47.87312765
GB0 9,z62,62,0,0,0,0,0,0,0,0,0,0,0,0,0,0,0,0,0,0,0,0,0,0,0,0,0,0,0,0,0,0,1,0,0,0,0,0,0,0,-1,0,0,0,0,0,0,0,0,0,0,0,0,0,0,0,0,0,0,0,0,0,0,0,0,0,0,0,0,0,0,0,0,0,0,0,0,0,2377.343656,FR1 0_to_FR1 16,256.17655,0.016011034,20000,12169.55671,0.95,0,0,FR1 0,FR1 16,2.285930386,46.41651176,4.896736931,46.04814359
GB5 0,z63,63,0,0,0,0,0,0,0,0,0,0,0,0,0,0,0,0,0,0,0,0,0,0,0,0,0,0,0,0,0,0,1,0,0,0,0,0,0,0,0,0,0,0,0,0,0,0,-1,0,0,0,0,0,0,0,0,0,0,0,0,0,0,0,0,0,0,0,0,0,0,0,0,0,0,0,0,0,2775.762746,FR1 0_to_FR1 7,333.1145068,0.020819657,20000,15824.46122,0.95,0,0,FR1 0,FR1 7,2.285930386,46.41651176,2.412112342,48.81161936
IT1 0,z64,64,0,0,0,0,0,0,0,0,0,0,0,0,0,0,0,0,0,0,0,0,0,0,0,0,0,0,0,0,0,0,0,1,0,0,0,0,0,-1,0,0,0,0,0,0,0,0,0,0,0,0,0,0,0,0,0,0,0,0,0,0,0,0,0,0,0,0,0,0,0,0,0,0,0,0,0,0,3566.015485,FR1 1_to_FR1 15,394.65852,0.024666158,20000,18748.08307,0.95,0,0,FR1 1,FR1 15,6.107274788,45.52201024,3.785280059,47.87312765
IT1 1,z65,65,0,0,0,0,0,0,0,0,0,0,0,0,0,0,0,0,0,0,0,0,0,0,0,0,0,0,0,0,0,0,0,1,0,0,0,0,0,0,-1,0,0,0,0,0,0,0,0,0,0,0,0,0,0,0,0,0,0,0,0,0,0,0,0,0,0,0,0,0,0,0,0,0,0,0,0,0,12298.30825,FR1 1_to_FR1 16,138.2554535,0.008640966,20000,6567.765792,0.95,0,0,FR1 1,FR1 16,6.107274788,45.52201024,4.896736931,46.04814359
IT1 10,z66,66,0,0,0,0,0,0,0,0,0,0,0,0,0,0,0,0,0,0,0,0,0,0,0,0,0,0,0,0,0,0,0,1,0,0,0,0,0,0,0,-1,0,0,0,0,0,0,0,0,0,0,0,0,0,0,0,0,0,0,0,0,0,0,0,0,0,0,0,0,0,0,0,0,0,0,0,0,1188.671828,FR1 1_to_FR1 17,360.6420575,0.022540129,20000,17132.14566,0.95,0,0,FR1 1,FR1 17,6.107274788,45.52201024,7.098681163,48.02632462
IT1 11,z67,67,0,0,0,0,0,0,0,0,0,0,0,0,0,0,0,0,0,0,0,0,0,0,0,0,0,0,0,0,0,0,0,1,0,0,0,0,0,0,0,0,0,0,0,0,-1,0,0,0,0,0,0,0,0,0,0,0,0,0,0,0,0,0,0,0,0,0,0,0,0,0,0,0,0,0,0,0,796.8381785,FR1 1_to_FR1 5,242.8503591,0.015178147,20000,11536.50175,0.95,0,0,FR1 1,FR1 5,6.107274788,45.52201024,6.28574034,43.77942318
IT1 2,z68,68,0,0,0,0,0,0,0,0,0,0,0,0,0,0,0,0,0,0,0,0,0,0,0,0,0,0,0,0,0,0,0,1,0,0,0,0,0,0,0,0,0,0,0,0,0,0,0,0,0,0,0,0,0,0,0,0,0,0,0,0,0,0,0,0,0,0,0,0,0,0,-1,0,0,0,0,0,3566.015485,FR1 1_to_IT1 5,173.6009816,0.010850061,20000,8246.839884,0.95,0,0,FR1 1,IT1 5,6.107274788,45.52201024,7.804870669,45.15309588
IT1 3,z69,69,0,0,0,0,0,0,0,0,0,0,0,0,0,0,0,0,0,0,0,0,0,0,0,0,0,0,0,0,0,0,0,0,1,0,0,0,0,-1,0,0,0,0,0,0,0,0,0,0,0,0,0,0,0,0,0,0,0,0,0,0,0,0,0,0,0,0,0,0,0,0,0,0,0,0,0,0,2775.762746,FR1 10_to_FR1 15,267.3237641,0.016707735,20000,12699.10031,0.95,0,0,FR1 10,FR1 15,3.998921317,49.79126179,3.785280059,47.87312765
IT1 4,z70,70,0,0,0,0,0,0,0,0,0,0,0,0,0,0,0,0,0,0,0,0,0,0,0,0,0,0,0,0,0,0,0,0,1,0,0,0,0,0,0,0,0,0,-1,0,0,0,0,0,0,0,0,0,0,0,0,0,0,0,0,0,0,0,0,0,0,0,0,0,0,0,0,0,0,0,0,0,2775.762746,FR1 10_to_FR1 3,173.9816237,0.010873851,20000,8264.922122,0.95,0,0,FR1 10,FR1 3,3.998921317,49.79126179,2.424028616,50.53222179
IT1 5,z71,71,0,0,0,0,0,0,0,0,0,0,0,0,0,0,0,0,0,0,0,0,0,0,0,0,0,0,0,0,0,0,0,0,1,0,0,0,0,0,0,0,0,0,0,-1,0,0,0,0,0,0,0,0,0,0,0,0,0,0,0,0,0,0,0,0,0,0,0,0,0,0,0,0,0,0,0,0,2775.762746,FR1 10_to_FR1 4,219.6781927,0.013729887,20000,10435.71796,0.95,0,0,FR1 10,FR1 4,3.998921317,49.79126179,5.960518626,48.861879
IT1 6,z72,72,0,0,0,0,0,0,0,0,0,0,0,0,0,0,0,0,0,0,0,0,0,0,0,0,0,0,0,0,0,0,0,0,1,0,0,0,0,0,0,0,0,0,0,0,0,0,-1,0,0,0,0,0,0,0,0,0,0,0,0,0,0,0,0,0,0,0,0,0,0,0,0,0,0,0,0,0,1195.257268,FR1 10_to_FR1 7,198.0444864,0.01237778,20000,9408.018053,0.95,0,0,FR1 10,FR1 7,3.998921317,49.79126179,2.412112342,48.81161936
IT1 7,z73,73,0,0,0,0,0,0,0,0,0,0,0,0,0,0,0,0,0,0,0,0,0,0,0,0,0,0,0,0,0,0,0,0,0,1,0,0,0,0,0,0,0,-1,0,0,0,0,0,0,0,0,0,0,0,0,0,0,0,0,0,0,0,0,0,0,0,0,0,0,0,0,0,0,0,0,0,0,3572.600924,FR1 11_to_FR1 2,297.4251867,0.018589074,20000,14129.05543,0.95,0,0,FR1 11,FR1 2,-0.147786872,45.53878517,-1.259489523,47.53739283
IT1 8,z74,74,0,0,0,0,0,0,0,0,0,0,0,0,0,0,0,0,0,0,0,0,0,0,0,0,0,0,0,0,0,0,0,0,0,1,0,0,0,0,0,0,0,0,0,0,0,-1,0,0,0,0,0,0,0,0,0,0,0,0,0,0,0,0,0,0,0,0,0,0,0,0,0,0,0,0,0,0,2775.762746,FR1 11_to_FR1 6,337.6685555,0.021104285,20000,16040.79934,0.95,0,0,FR1 11,FR1 6,-0.147786872,45.53878517,1.729674829,43.51121311
IT1 9,z75,75,0,0,0,0,0,0,0,0,0,0,0,0,0,0,0,0,0,0,0,0,0,0,0,0,0,0,0,0,0,0,0,0,0,1,0,0,0,0,0,0,0,0,0,0,0,0,0,-1,0,0,0,0,0,0,0,0,0,0,0,0,0,0,0,0,0,0,0,0,0,0,0,0,0,0,0,0,2775.762746,FR1 11_to_FR1 8,280.1749553,0.017510935,20000,13309.59062,0.95,0,0,FR1 11,FR1 8,-0.147786872,45.53878517,-0.428850811,43.53302298
IT3 0,z76,76,0,0,0,0,0,0,0,0,0,0,0,0,0,0,0,0,0,0,0,0,0,0,0,0,0,0,0,0,0,0,0,0,0,0,1,0,0,0,0,0,-1,0,0,0,0,0,0,0,0,0,0,0,0,0,0,0,0,0,0,0,0,0,0,0,0,0,0,0,0,0,0,0,0,0,0,0,2390.514535,FR1 12_to_FR1 18,182.7600654,0.011422504,20000,8681.938217,0.95,0,0,FR1 12,FR1 18,2.837637634,45.01155887,3.784670783,43.88377687
,,77,0,0,0,0,0,0,0,0,0,0,0,0,0,0,0,0,0,0,0,0,0,0,0,0,0,0,0,0,0,0,0,0,0,0,1,0,0,0,0,0,0,0,0,0,0,-1,0,0,0,0,0,0,0,0,0,0,0,0,0,0,0,0,0,0,0,0,0,0,0,0,0,0,0,0,0,0,1587.090917,FR1 12_to_FR1 6,235.9006767,0.014743792,20000,11206.36008,0.95,0,0,FR1 12,FR1 6,2.837637634,45.01155887,1.729674829,43.51121311
,,78,0,0,0,0,0,0,0,0,0,0,0,0,0,0,0,0,0,0,0,0,0,0,0,0,0,0,0,0,0,0,0,0,0,0,0,1,0,0,0,0,0,-1,0,0,0,0,0,0,0,0,0,0,0,0,0,0,0,0,0,0,0,0,0,0,0,0,0,0,0,0,0,0,0,0,0,0,5558.110931,FR1 13_to_FR1 2,211.3607619,0.013210048,20000,10040.60199,0.95,0,0,FR1 13,FR1 2,-3.25128578,48.2650637,-1.259489523,47.53739283
,,79,0,0,0,0,0,0,0,0,0,0,0,0,0,0,0,0,0,0,0,0,0,0,0,0,0,0,0,0,0,0,0,0,0,0,0,0,1,0,0,0,0,-1,0,0,0,0,0,0,0,0,0,0,0,0,0,0,0,0,0,0,0,0,0,0,0,0,0,0,0,0,0,0,0,0,0,0,11103.05098,FR1 14_to_FR1 2,255.5562176,0.015972264,20000,12140.08808,0.95,0,0,FR1 14,FR1 2,0.590475004,48.90181715,-1.259489523,47.53739283
,,80,0,0,0,0,0,0,0,0,0,0,0,0,0,0,0,0,0,0,0,0,0,0,0,0,0,0,0,0,0,0,0,0,0,0,0,0,1,0,0,0,0,0,-1,0,0,0,0,0,0,0,0,0,0,0,0,0,0,0,0,0,0,0,0,0,0,0,0,0,0,0,0,0,0,0,0,0,2377.343656,FR1 14_to_FR1 3,280.170966,0.017510685,20000,13309.40111,0.95,0,0,FR1 14,FR1 3,0.590475004,48.90181715,2.424028616,50.53222179
,,81,0,0,0,0,0,0,0,0,0,0,0,0,0,0,0,0,0,0,0,0,0,0,0,0,0,0,0,0,0,0,0,0,0,0,0,0,1,0,0,0,0,0,0,0,0,0,-1,0,0,0,0,0,0,0,0,0,0,0,0,0,0,0,0,0,0,0,0,0,0,0,0,0,0,0,0,0,10306.2128,FR1 14_to_FR1 7,167.0559162,0.010440995,20000,7935.919372,0.95,0,0,FR1 14,FR1 7,0.590475004,48.90181715,2.412112342,48.81161936
,,82,0,0,0,0,0,0,0,0,0,0,0,0,0,0,0,0,0,0,0,0,0,0,0,0,0,0,0,0,0,0,0,0,0,0,0,0,0,1,-1,0,0,0,0,0,0,0,0,0,0,0,0,0,0,0,0,0,0,0,0,0,0,0,0,0,0,0,0,0,0,0,0,0,0,0,0,0,4362.853663,FR1 15_to_FR1 16,274.6934473,0.01716834,20000,13049.19394,0.95,0,0,FR1 15,FR1 16,3.785280059,47.87312765,4.896736931,46.04814359
,,83,0,0,0,0,0,0,0,0,0,0,0,0,0,0,0,0,0,0,0,0,0,0,0,0,0,0,0,0,0,0,0,0,0,0,0,0,0,1,0,0,0,0,0,-1,0,0,0,0,0,0,0,0,0,0,0,0,0,0,0,0,0,0,0,0,0,0,0,0,0,0,0,0,0,0,0,0,5159.691842,FR1 15_to_FR1 4,243.3624974,0.015210156,20000,11560.83066,0.95,0,0,FR1 15,FR1 4,3.785280059,47.87312765,5.960518626,48.861879
,,84,0,0,0,0,0,0,0,0,0,0,0,0,0,0,0,0,0,0,0,0,0,0,0,0,0,0,0,0,0,0,0,0,0,0,0,0,0,1,0,0,0,0,0,0,0,0,-1,0,0,0,0,0,0,0,0,0,0,0,0,0,0,0,0,0,0,0,0,0,0,0,0,0,0,0,0,0,19822.17287,FR1 15_to_FR1 7,181.9544692,0.011372154,20000,8643.668717,0.95,0,0,FR1 15,FR1 7,3.785280059,47.87312765,2.412112342,48.81161936
,,85,0,0,0,0,0,0,0,0,0,0,0,0,0,0,0,0,0,0,0,0,0,0,0,0,0,0,0,0,0,0,0,0,0,0,0,0,0,0,1,-1,0,0,0,0,0,0,0,0,0,0,0,0,0,0,0,0,0,0,0,0,0,0,0,0,0,0,0,0,0,0,0,0,0,0,0,0,1195.257268,FR1 16_to_FR1 17,345.0874465,0.021567965,20000,16393.23057,0.95,0,0,FR1 16,FR1 17,4.896736931,46.04814359,7.098681163,48.02632462
,,86,0,0,0,0,0,0,0,0,0,0,0,0,0,0,0,0,0,0,0,0,0,0,0,0,0,0,0,0,0,0,0,0,0,0,0,0,0,0,1,0,-1,0,0,0,0,0,0,0,0,0,0,0,0,0,0,0,0,0,0,0,0,0,0,0,0,0,0,0,0,0,0,0,0,0,0,0,796.8381785,FR1 16_to_FR1 18,320.0858245,0.020005364,20000,15205.53928,0.95,0,0,FR1 16,FR1 18,4.896736931,46.04814359,3.784670783,43.88377687
,,87,0,0,0,0,0,0,0,0,0,0,0,0,0,0,0,0,0,0,0,0,0,0,0,0,0,0,0,0,0,0,0,0,0,0,0,0,0,0,1,0,0,0,0,0,0,0,0,0,-1,0,0,0,0,0,0,0,0,0,0,0,0,0,0,0,0,0,0,0,0,0,0,0,0,0,0,0,5551.525491,FR1 16_to_FR1 9,316.8848281,0.019805302,20000,15053.47732,0.95,0,0,FR1 16,FR1 9,4.896736931,46.04814359,5.073192987,43.77171846
,,88,0,0,0,0,0,0,0,0,0,0,0,0,0,0,0,0,0,0,0,0,0,0,0,0,0,0,0,0,0,0,0,0,0,0,0,0,0,0,0,1,0,0,0,-1,0,0,0,0,0,0,0,0,0,0,0,0,0,0,0,0,0,0,0,0,0,0,0,0,0,0,0,0,0,0,0,0,7138.616409,FR1 17_to_FR1 4,156.5217855,0.009782612,20000,7435.500027,0.95,0,0,FR1 17,FR1 4,7.098681163,48.02632462,5.960518626,48.861879
,,89,0,0,0,0,0,0,0,0,0,0,0,0,0,0,0,0,0,0,0,0,0,0,0,0,0,0,0,0,0,0,0,0,0,0,0,0,0,0,0,0,1,0,0,0,0,-1,0,0,0,0,0,0,0,0,0,0,0,0,0,0,0,0,0,0,0,0,0,0,0,0,0,0,0,0,0,0,4369.439103,FR1 18_to_FR1 6,212.8979296,0.013306121,20000,10113.62448,0.95,0,0,FR1 18,FR1 6,3.784670783,43.88377687,1.729674829,43.51121311
,,90,0,0,0,0,0,0,0,0,0,0,0,0,0,0,0,0,0,0,0,0,0,0,0,0,0,0,0,0,0,0,0,0,0,0,0,0,0,0,0,0,1,0,0,0,0,0,0,0,-1,0,0,0,0,0,0,0,0,0,0,0,0,0,0,0,0,0,0,0,0,0,0,0,0,0,0,0,4369.439103,FR1 18_to_FR1 9,130.1386575,0.008133666,20000,6182.18089,0.95,0,0,FR1 18,FR1 9,3.784670783,43.88377687,5.073192987,43.77171846
,,91,0,0,0,0,0,0,0,0,0,0,0,0,0,0,0,0,0,0,0,0,0,0,0,0,0,0,0,0,0,0,0,0,0,0,0,0,0,0,0,0,0,0,1,0,0,0,-1,0,0,0,0,0,0,0,0,0,0,0,0,0,0,0,0,0,0,0,0,0,0,0,0,0,0,0,0,0,7537.035498,FR1 3_to_FR1 7,239.1552285,0.014947202,20000,11360.96616,0.95,0,0,FR1 3,FR1 7,2.424028616,50.53222179,2.412112342,48.81161936
,,92,0,0,0,0,0,0,0,0,0,0,0,0,0,0,0,0,0,0,0,0,0,0,0,0,0,0,0,0,0,0,0,0,0,0,0,0,0,0,0,0,0,0,0,0,1,0,0,0,-1,0,0,0,0,0,0,0,0,0,0,0,0,0,0,0,0,0,0,0,0,0,0,0,0,0,0,0,6348.36367,FR1 5_to_FR1 9,121.6962153,0.007606013,20000,5781.126309,0.95,0,0,FR1 5,FR1 9,6.28574034,43.77942318,5.073192987,43.77171846
,,93,0,0,0,0,0,0,0,0,0,0,0,0,0,0,0,0,0,0,0,0,0,0,0,0,0,0,0,0,0,0,0,0,0,0,0,0,0,0,0,0,0,0,0,0,1,0,0,0,0,0,0,0,0,0,0,0,0,0,0,0,0,0,0,0,0,0,0,0,0,0,-1,0,0,0,0,0,398.4190892,FR1 5_to_IT1 5,243.2229793,0.015201436,20000,11554.20291,0.95,0,0,FR1 5,IT1 5,6.28574034,43.77942318,7.804870669,45.15309588
,,94,0,0,0,0,0,0,0,0,0,0,0,0,0,0,0,0,0,0,0,0,0,0,0,0,0,0,0,0,0,0,0,0,0,0,0,0,0,0,0,0,0,0,0,0,0,1,0,-1,0,0,0,0,0,0,0,0,0,0,0,0,0,0,0,0,0,0,0,0,0,0,0,0,0,0,0,0,3174.181835,FR1 6_to_FR1 8,217.5630905,0.013597693,20000,10335.24094,0.95,0,0,FR1 6,FR1 8,1.729674829,43.51121311,-0.428850811,43.53302298
,,95,0,0,0,0,0,0,0,0,0,0,0,0,0,0,0,0,0,0,0,0,0,0,0,0,0,0,0,0,0,0,0,0,0,0,0,0,0,0,0,0,0,0,0,0,0,0,0,0,0,1,-1,0,0,0,0,0,0,0,0,0,0,0,0,0,0,0,0,0,0,0,0,0,0,0,0,0,3859.067542,GB0 0_to_GB0 1,183.0058209,0.011437864,20000,8693.612726,0.95,0,0,GB0 0,GB0 1,-1.911525561,52.46122491,-0.47201781,53.45202885
,,96,0,0,0,0,0,0,0,0,0,0,0,0,0,0,0,0,0,0,0,0,0,0,0,0,0,0,0,0,0,0,0,0,0,0,0,0,0,0,0,0,0,0,0,0,0,0,0,0,0,1,0,0,0,0,0,0,-1,0,0,0,0,0,0,0,0,0,0,0,0,0,0,0,0,0,0,0,4754.687313,GB0 0_to_GB0 4,152.5028842,0.00953143,20000,7244.58385,0.95,0,0,GB0 0,GB0 4,-1.911525561,52.46122491,-2.583252,53.481137
,,97,0,0,0,0,0,0,0,0,0,0,0,0,0,0,0,0,0,0,0,0,0,0,0,0,0,0,0,0,0,0,0,0,0,0,0,0,0,0,0,0,0,0,0,0,0,0,0,0,0,1,0,0,0,0,0,0,0,0,-1,0,0,0,0,0,0,0,0,0,0,0,0,0,0,0,0,0,2377.343656,GB0 0_to_GB0 6,178.5454088,0.011159088,20000,8481.722768,0.95,0,0,GB0 0,GB0 6,-1.911525561,52.46122491,-3.314649048,51.51069342
,,98,0,0,0,0,0,0,0,0,0,0,0,0,0,0,0,0,0,0,0,0,0,0,0,0,0,0,0,0,0,0,0,0,0,0,0,0,0,0,0,0,0,0,0,0,0,0,0,0,0,1,0,0,0,0,0,0,0,0,0,0,-1,0,0,0,0,0,0,0,0,0,0,0,0,0,0,0,7132.030969,GB0 0_to_GB0 8,169.7063448,0.010606647,20000,8061.82684,0.95,0,0,GB0 0,GB0 8,-1.911525561,52.46122491,-1.438350688,51.27572538
,,99,0,0,0,0,0,0,0,0,0,0,0,0,0,0,0,0,0,0,0,0,0,0,0,0,0,0,0,0,0,0,0,0,0,0,0,0,0,0,0,0,0,0,0,0,0,0,0,0,0,1,0,0,0,0,0,0,0,0,0,0,0,-1,0,0,0,0,0,0,0,0,0,0,0,0,0,0,1481.723886,GB0 0_to_GB0 9,233.4162568,0.014588516,20000,11088.33878,0.95,0,0,GB0 0,GB0 9,-1.911525561,52.46122491,-1.457966915,54.11853474
,,100,0,0,0,0,0,0,0,0,0,0,0,0,0,0,0,0,0,0,0,0,0,0,0,0,0,0,0,0,0,0,0,0,0,0,0,0,0,0,0,0,0,0,0,0,0,0,0,0,0,0,1,0,0,0,0,-1,0,0,0,0,0,0,0,0,0,0,0,0,0,0,0,0,0,0,0,0,4754.687313,GB0 1_to_GB0 3,256.1466924,0.016009168,20000,12168.13834,0.95,0,0,GB0 1,GB0 3,-0.47201781,53.45202885,-0.246946057,51.61425295
,,101,0,0,0,0,0,0,0,0,0,0,0,0,0,0,0,0,0,0,0,0,0,0,0,0,0,0,0,0,0,0,0,0,0,0,0,0,0,0,0,0,0,0,0,0,0,0,0,0,0,0,1,0,0,0,0,0,0,0,0,-1,0,0,0,0,0,0,0,0,0,0,0,0,0,0,0,0,4754.687313,GB0 1_to_GB0 7,283.9494889,0.017746843,20000,13488.89821,0.95,0,0,GB0 1,GB0 7,-0.47201781,53.45202885,0.657501167,51.52831217
,,102,0,0,0,0,0,0,0,0,0,0,0,0,0,0,0,0,0,0,0,0,0,0,0,0,0,0,0,0,0,0,0,0,0,0,0,0,0,0,0,0,0,0,0,0,0,0,0,0,0,0,1,0,0,0,0,0,0,0,0,0,0,-1,0,0,0,0,0,0,0,0,0,0,0,0,0,0,10250.23657,GB0 1_to_GB0 9,123.0324775,0.00768953,20000,5844.60487,0.95,0,0,GB0 1,GB0 9,-0.47201781,53.45202885,-1.457966915,54.11853474
,,103,0,0,0,0,0,0,0,0,0,0,0,0,0,0,0,0,0,0,0,0,0,0,0,0,0,0,0,0,0,0,0,0,0,0,0,0,0,0,0,0,0,0,0,0,0,0,0,0,0,0,0,1,0,0,0,0,-1,0,0,0,0,0,0,0,0,0,0,0,0,0,0,0,0,0,0,0,4754.687313,GB0 10_to_GB0 4,122.6510061,0.007665688,20000,5826.483234,0.95,0,0,GB0 10,GB0 4,-3.893280333,53.07477867,-2.583252,53.481137
,,104,0,0,0,0,0,0,0,0,0,0,0,0,0,0,0,0,0,0,0,0,0,0,0,0,0,0,0,0,0,0,0,0,0,0,0,0,0,0,0,0,0,0,0,0,0,0,0,0,0,0,0,0,1,0,0,0,0,0,-1,0,0,0,0,0,0,0,0,0,0,0,0,0,0,0,0,0,9509.374626,GB0 11_to_GB0 6,136.087215,0.008505451,20000,6464.764553,0.95,0,0,GB0 11,GB0 6,-4.315338333,50.75944683,-3.314649048,51.51069342
,,105,0,0,0,0,0,0,0,0,0,0,0,0,0,0,0,0,0,0,0,0,0,0,0,0,0,0,0,0,0,0,0,0,0,0,0,0,0,0,0,0,0,0,0,0,0,0,0,0,0,0,0,0,0,1,-1,0,0,0,0,0,0,0,0,0,0,0,0,0,0,0,0,0,0,0,0,0,1481.723886,GB0 12_to_GB0 2,179.8270899,0.011239193,20000,8542.608481,0.95,0,0,GB0 12,GB0 2,-4.583752346,56.63473439,-2.523868924,57.27694489
,,106,0,0,0,0,0,0,0,0,0,0,0,0,0,0,0,0,0,0,0,0,0,0,0,0,0,0,0,0,0,0,0,0,0,0,0,0,0,0,0,0,0,0,0,0,0,0,0,0,0,0,0,0,0,1,0,0,0,-1,0,0,0,0,0,0,0,0,0,0,0,0,0,0,0,0,0,0,8165.944969,GB0 12_to_GB0 5,139.7209647,0.00873256,20000,6637.38427,0.95,0,0,GB0 12,GB0 5,-4.583752346,56.63473439,-3.699947108,55.75794503
,,107,0,0,0,0,0,0,0,0,0,0,0,0,0,0,0,0,0,0,0,0,0,0,0,0,0,0,0,0,0,0,0,0,0,0,0,0,0,0,0,0,0,0,0,0,0,0,0,0,0,0,0,0,0,0,1,0,0,-1,0,0,0,0,0,0,0,0,0,0,0,0,0,0,0,0,0,0,2963.447771,GB0 2_to_GB0 5,229.5764225,0.014348526,20000,10905.92911,0.95,0,0,GB0 2,GB0 5,-2.523868924,57.27694489,-3.699947108,55.75794503
,,108,0,0,0,0,0,0,0,0,0,0,0,0,0,0,0,0,0,0,0,0,0,0,0,0,0,0,0,0,0,0,0,0,0,0,0,0,0,0,0,0,0,0,0,0,0,0,0,0,0,0,0,0,0,0,0,1,0,0,0,-1,0,0,0,0,0,0,0,0,0,0,0,0,0,0,0,0,19311.80131,GB0 3_to_GB0 7,79.04264239,0.004940165,20000,3754.886694,0.95,0,0,GB0 3,GB0 7,-0.246946057,51.61425295,0.657501167,51.52831217
,,109,0,0,0,0,0,0,0,0,0,0,0,0,0,0,0,0,0,0,0,0,0,0,0,0,0,0,0,0,0,0,0,0,0,0,0,0,0,0,0,0,0,0,0,0,0,0,0,0,0,0,0,0,0,0,0,1,0,0,0,0,-1,0,0,0,0,0,0,0,0,0,0,0,0,0,0,0,9509.374626,GB0 3_to_GB0 8,113.4291693,0.007089323,20000,5388.403851,0.95,0,0,GB0 3,GB0 8,-0.246946057,51.61425295,-1.438350688,51.27572538
,,110,0,0,0,0,0,0,0,0,0,0,0,0,0,0,0,0,0,0,0,0,0,0,0,0,0,0,0,0,0,0,0,0,0,0,0,0,0,0,0,0,0,0,0,0,0,0,0,0,0,0,0,0,0,0,0,0,1,-1,0,0,0,0,0,0,0,0,0,0,0,0,0,0,0,0,0,0,2377.343656,GB0 4_to_GB0 5,328.9635606,0.020560223,20000,15627.27231,0.95,0,0,GB0 4,GB0 5,-2.583252,53.481137,-3.699947108,55.75794503
,,111,0,0,0,0,0,0,0,0,0,0,0,0,0,0,0,0,0,0,0,0,0,0,0,0,0,0,0,0,0,0,0,0,0,0,0,0,0,0,0,0,0,0,0,0,0,0,0,0,0,0,0,0,0,0,0,0,1,0,0,0,0,-1,0,0,0,0,0,0,0,0,0,0,0,0,0,0,6684.221084,GB0 4_to_GB0 9,127.989905,0.007999369,20000,6080.105329,0.95,0,0,GB0 4,GB0 9,-2.583252,53.481137,-1.457966915,54.11853474
,,112,0,0,0,0,0,0,0,0,0,0,0,0,0,0,0,0,0,0,0,0,0,0,0,0,0,0,0,0,0,0,0,0,0,0,0,0,0,0,0,0,0,0,0,0,0,0,0,0,0,0,0,0,0,0,0,0,0,1,0,0,0,-1,0,0,0,0,0,0,0,0,0,0,0,0,0,0,3859.067542,GB0 5_to_GB0 9,289.7434377,0.018108965,20000,13764.13725,0.95,0,0,GB0 5,GB0 9,-3.699947108,55.75794503,-1.457966915,54.11853474
,,113,0,0,0,0,0,0,0,0,0,0,0,0,0,0,0,0,0,0,0,0,0,0,0,0,0,0,0,0,0,0,0,0,0,0,0,0,0,0,0,0,0,0,0,0,0,0,0,0,0,0,0,0,0,0,0,0,0,0,1,0,-1,0,0,0,0,0,0,0,0,0,0,0,0,0,0,0,8613.754855,GB0 6_to_GB0 8,165.9678934,0.010372993,20000,7884.233317,0.95,0,0,GB0 6,GB0 8,-3.314649048,51.51069342,-1.438350688,51.27572538
,,114,0,0,0,0,0,0,0,0,0,0,0,0,0,0,0,0,0,0,0,0,0,0,0,0,0,0,0,0,0,0,0,0,0,0,0,0,0,0,0,0,0,0,0,0,0,0,0,0,0,0,0,0,0,0,0,0,0,0,0,0,0,0,0,1,0,0,0,0,0,0,0,-1,0,0,0,0,2377.343656,IT1 0_to_IT1 6,353.9390252,0.022121189,20000,16813.721,0.95,0,0,IT1 0,IT1 6,16.31927489,39.05643656,14.45419306,41.166062
,,115,0,0,0,0,0,0,0,0,0,0,0,0,0,0,0,0,0,0,0,0,0,0,0,0,0,0,0,0,0,0,0,0,0,0,0,0,0,0,0,0,0,0,0,0,0,0,0,0,0,0,0,0,0,0,0,0,0,0,0,0,0,0,0,1,0,0,0,0,0,0,0,0,-1,0,0,0,1188.671828,IT1 0_to_IT1 7,233.3609599,0.01458506,20000,11085.71192,0.95,0,0,IT1 0,IT1 7,16.31927489,39.05643656,17.06463909,40.63484909
,,116,0,0,0,0,0,0,0,0,0,0,0,0,0,0,0,0,0,0,0,0,0,0,0,0,0,0,0,0,0,0,0,0,0,0,0,0,0,0,0,0,0,0,0,0,0,0,0,0,0,0,0,0,0,0,0,0,0,0,0,0,0,0,0,1,0,0,0,0,0,0,0,0,0,-1,0,0,2377.343656,IT1 0_to_IT1 8,288.0151746,0.018000948,20000,13682.03686,0.95,0,0,IT1 0,IT1 8,16.31927489,39.05643656,14.36385163,37.66246138
,,117,0,0,0,0,0,0,0,0,0,0,0,0,0,0,0,0,0,0,0,0,0,0,0,0,0,0,0,0,0,0,0,0,0,0,0,0,0,0,0,0,0,0,0,0,0,0,0,0,0,0,0,0,0,0,0,0,0,0,0,0,0,0,0,0,1,-1,0,0,0,0,0,0,0,0,0,0,5551.525491,IT1 1_to_IT1 10,249.9286247,0.015620539,20000,11872.75171,0.95,0,0,IT1 1,IT1 10,9.23055636,45.29415845,10.77633958,43.87238188
,,118,0,0,0,0,0,0,0,0,0,0,0,0,0,0,0,0,0,0,0,0,0,0,0,0,0,0,0,0,0,0,0,0,0,0,0,0,0,0,0,0,0,0,0,0,0,0,0,0,0,0,0,0,0,0,0,0,0,0,0,0,0,0,0,0,1,0,0,0,0,0,-1,0,0,0,0,0,10312.79824,IT1 1_to_IT1 5,140.9416994,0.008808856,20000,6695.374745,0.95,0,0,IT1 1,IT1 5,9.23055636,45.29415845,7.804870669,45.15309588
,,119,0,0,0,0,0,0,0,0,0,0,0,0,0,0,0,0,0,0,0,0,0,0,0,0,0,0,0,0,0,0,0,0,0,0,0,0,0,0,0,0,0,0,0,0,0,0,0,0,0,0,0,0,0,0,0,0,0,0,0,0,0,0,0,0,1,0,0,0,0,0,0,0,0,0,-1,0,6348.36367,IT1 1_to_IT1 9,166.6388704,0.010414929,20000,7916.107788,0.95,0,0,IT1 1,IT1 9,9.23055636,45.29415845,10.87104938,45.6311042
,,120,0,0,0,0,0,0,0,0,0,0,0,0,0,0,0,0,0,0,0,0,0,0,0,0,0,0,0,0,0,0,0,0,0,0,0,0,0,0,0,0,0,0,0,0,0,0,0,0,0,0,0,0,0,0,0,0,0,0,0,0,0,0,0,0,0,1,-1,0,0,0,0,0,0,0,0,0,3566.015485,IT1 10_to_IT1 11,168.1611022,0.010510069,20000,7988.420757,0.95,0,0,IT1 10,IT1 11,10.77633958,43.87238188,12.06354071,44.65601435
,,121,0,0,0,0,0,0,0,0,0,0,0,0,0,0,0,0,0,0,0,0,0,0,0,0,0,0,0,0,0,0,0,0,0,0,0,0,0,0,0,0,0,0,0,0,0,0,0,0,0,0,0,0,0,0,0,0,0,0,0,0,0,0,0,0,0,1,0,0,0,-1,0,0,0,0,0,0,3964.434574,IT1 10_to_IT1 4,302.7830162,0.018923939,20000,14383.57682,0.95,0,0,IT1 10,IT1 4,10.77633958,43.87238188,12.355585,42.02585706
,,122,0,0,0,0,0,0,0,0,0,0,0,0,0,0,0,0,0,0,0,0,0,0,0,0,0,0,0,0,0,0,0,0,0,0,0,0,0,0,0,0,0,0,0,0,0,0,0,0,0,0,0,0,0,0,0,0,0,0,0,0,0,0,0,0,0,1,0,0,0,0,0,0,0,0,-1,0,1985.510007,IT1 10_to_IT1 9,244.6298909,0.015289368,20000,11621.03764,0.95,0,0,IT1 10,IT1 9,10.77633958,43.87238188,10.87104938,45.6311042
,,123,0,0,0,0,0,0,0,0,0,0,0,0,0,0,0,0,0,0,0,0,0,0,0,0,0,0,0,0,0,0,0,0,0,0,0,0,0,0,0,0,0,0,0,0,0,0,0,0,0,0,0,0,0,0,0,0,0,0,0,0,0,0,0,0,0,0,1,-1,0,0,0,0,0,0,0,0,1188.671828,IT1 11_to_IT1 2,323.2086393,0.02020054,20000,15353.88725,0.95,0,0,IT1 11,IT1 2,12.06354071,44.65601435,13.57610536,42.60439245
,,124,0,0,0,0,0,0,0,0,0,0,0,0,0,0,0,0,0,0,0,0,0,0,0,0,0,0,0,0,0,0,0,0,0,0,0,0,0,0,0,0,0,0,0,0,0,0,0,0,0,0,0,0,0,0,0,0,0,0,0,0,0,0,0,0,0,0,1,0,-1,0,0,0,0,0,0,0,5949.944581,IT1 11_to_IT1 3,189.9945578,0.01187466,20000,9025.609663,0.95,0,0,IT1 11,IT1 3,12.06354071,44.65601435,12.8495571,45.90608157
,,125,0,0,0,0,0,0,0,0,0,0,0,0,0,0,0,0,0,0,0,0,0,0,0,0,0,0,0,0,0,0,0,0,0,0,0,0,0,0,0,0,0,0,0,0,0,0,0,0,0,0,0,0,0,0,0,0,0,0,0,0,0,0,0,0,0,0,1,0,0,0,0,0,0,0,-1,0,2775.762746,IT1 11_to_IT1 9,178.9822445,0.01118639,20000,8502.474462,0.95,0,0,IT1 11,IT1 9,12.06354071,44.65601435,10.87104938,45.6311042
,,126,0,0,0,0,0,0,0,0,0,0,0,0,0,0,0,0,0,0,0,0,0,0,0,0,0,0,0,0,0,0,0,0,0,0,0,0,0,0,0,0,0,0,0,0,0,0,0,0,0,0,0,0,0,0,0,0,0,0,0,0,0,0,0,0,0,0,0,1,0,-1,0,0,0,0,0,0,1587.090917,IT1 2_to_IT1 4,149.0024821,0.009312655,20000,7078.298757,0.95,0,0,IT1 2,IT1 4,13.57610536,42.60439245,12.355585,42.02585706
,,127,0,0,0,0,0,0,0,0,0,0,0,0,0,0,0,0,0,0,0,0,0,0,0,0,0,0,0,0,0,0,0,0,0,0,0,0,0,0,0,0,0,0,0,0,0,0,0,0,0,0,0,0,0,0,0,0,0,0,0,0,0,0,0,0,0,0,0,1,0,0,0,-1,0,0,0,0,1587.090917,IT1 2_to_IT1 6,219.5953152,0.013724707,20000,10431.7809,0.95,0,0,IT1 2,IT1 6,13.57610536,42.60439245,14.45419306,41.166062
,,128,0,0,0,0,0,0,0,0,0,0,0,0,0,0,0,0,0,0,0,0,0,0,0,0,0,0,0,0,0,0,0,0,0,0,0,0,0,0,0,0,0,0,0,0,0,0,0,0,0,0,0,0,0,0,0,0,0,0,0,0,0,0,0,0,0,0,0,0,1,0,0,0,0,0,-1,0,1587.090917,IT1 3_to_IT1 9,195.5933634,0.012224585,20000,9291.578513,0.95,0,0,IT1 3,IT1 9,12.8495571,45.90608157,10.87104938,45.6311042
,,129,0,0,0,0,0,0,0,0,0,0,0,0,0,0,0,0,0,0,0,0,0,0,0,0,0,0,0,0,0,0,0,0,0,0,0,0,0,0,0,0,0,0,0,0,0,0,0,0,0,0,0,0,0,0,0,0,0,0,0,0,0,0,0,0,0,0,0,0,0,1,0,-1,0,0,0,0,3566.015485,IT1 4_to_IT1 6,248.7206645,0.015545042,20000,11815.36808,0.95,0,0,IT1 4,IT1 6,12.355585,42.02585706,14.45419306,41.166062
,,130,0,0,0,0,0,0,0,0,0,0,0,0,0,0,0,0,0,0,0,0,0,0,0,0,0,0,0,0,0,0,0,0,0,0,0,0,0,0,0,0,0,0,0,0,0,0,0,0,0,0,0,0,0,0,0,0,0,0,0,0,0,0,0,0,0,0,0,0,0,0,0,1,-1,0,0,0,3566.015485,IT1 6_to_IT1 7,284.0010086,0.017750063,20000,13491.34563,0.95,0,0,IT1 6,IT1 7,14.45419306,41.166062,17.06463909,40.63484909
,,131,0,0,0,0,0,0,0,0,0,0,0,0,0,0,0,0,0,0,0,0,0,-1,0,0,0,0,0,0,0,1,0,0,0,0,0,0,0,0,0,0,0,0,0,0,0,0,0,0,0,0,0,0,0,0,0,0,0,0,0,0,0,0,0,0,0,0,0,0,0,0,0,0,0,0,0,0,400,ES4 0_to_ES1 1,376.9333562,0.023558335,20000,72611.01244,0.95,0,0,ES4 0,ES1 1,2.7388916,39.6729018,-0.498247314,40.7899949
,,132,0,0,0,0,0,0,0,0,0,0,0,0,0,0,0,0,0,0,0,0,0,0,0,0,0,0,0,0,0,0,0,0,0,0,0,0,0,0,0,0,0,0,0,0,0,0,0,0,0,0,0,0,0,0,0,0,0,0,0,0,0,0,0,0,0,0,0,0,0,1,0,0,0,0,0,-1,1000,IT1 4_to_IT3 0,474.460941,0.029653809,20000,135047.2918,0.95,0,0,IT1 4,IT3 0,12.355585,42.02585706,8.7459755,39.9681955
,,133,0,0,0,0,0,0,0,0,0,0,0,0,0,0,0,0,0,0,0,0,0,0,0,0,-1,0,0,0,0,0,0,0,0,0,0,0,0,0,0,0,0,0,0,0,0,1,0,0,0,0,0,0,0,0,0,0,0,0,0,0,0,0,0,0,0,0,0,0,0,0,0,0,0,0,0,0,2000,FR1 6_to_ES1 4,253.4169609,0.01583856,20000,24313.17657,0.95,0,0,FR1 6,ES1 4,1.729674829,43.51121311,1.532231515,41.6937861
,,134,0,0,0,0,0,0,0,0,0,0,0,0,0,0,0,0,0,0,0,0,0,0,0,0,0,0,0,0,0,0,0,0,0,0,0,0,0,0,0,0,0,0,-1,0,0,0,0,0,0,0,0,0,0,0,0,0,0,0,0,1,0,0,0,0,0,0,0,0,0,0,0,0,0,0,0,0,2000,GB0 7_to_FR1 3,207.3873892,0.012961712,20000,32114.58437,0.95,0,0,GB0 7,FR1 3,0.657501167,51.52831217,2.424028616,50.53222179
,,135,0,0,0,0,0,0,0,0,0,0,0,0,0,0,0,0,0,0,0,0,0,0,0,0,0,0,0,0,0,0,0,0,0,0,0,0,0,0,0,0,0,0,0,0,0,0,0,0,0,0,0,0,0,0,0,0,0,1,0,0,0,0,-1,0,0,0,0,0,0,0,0,0,0,0,0,0,2501,GB0 5_to_GB5 0,243.0119798,0.015188249,20000,33539.13705,0.95,0,0,GB0 5,GB5 0,-3.699947108,55.75794503,-6.097540943,54.66877875
,,136,0,0,0,0,0,0,0,0,0,0,0,0,0,0,0,0,0,0,0,0,0,0,0,0,0,0,0,0,0,0,0,0,0,0,0,0,0,0,0,0,0,0,0,0,0,0,0,0,0,0,0,0,0,0,0,0,0,1,0,0,0,0,-1,0,0,0,0,0,0,0,0,0,0,0,0,0,250,GB0 5_to_GB5 0,243.0119798,0.015188249,20000,31327.28474,0.95,0,0,GB0 5,GB5 0,-3.699947108,55.75794503,-6.097540943,54.66877875
,,137,0,0,0,0,0,0,0,0,0,0,0,0,0,0,0,0,0,0,0,0,0,0,0,0,0,0,1,0,0,0,0,0,0,-1,0,0,0,0,0,0,0,0,0,0,0,0,0,0,0,0,0,0,0,0,0,0,0,0,0,0,0,0,0,0,0,0,0,0,0,0,0,0,0,0,0,0,0,ES1 6_to_FR1 11,473.0193716,0.029563711,20000,80345.74438,0.95,0,0,ES1 6,FR1 11,-2.896801354,42.76489618,-0.147786872,45.53878517
,,138,0,0,0,0,0,0,0,0,0,0,0,0,0,0,0,0,0,0,0,0,0,0,0,0,0,0,0,0,0,0,0,0,0,0,0,0,1,0,0,0,0,0,0,0,0,0,0,0,0,0,0,0,0,0,0,0,0,0,0,0,-1,0,0,0,0,0,0,0,0,0,0,0,0,0,0,0,0,FR1 14_to_GB0 8,376.2715918,0.023516974,20000,66813.56806,0.95,0,0,FR1 14,GB0 8,0.590475004,48.90181715,-1.438350688,51.27572538
,,139,0,0,0,0,0,0,1,0,0,0,0,0,0,0,-1,0,0,0,0,0,0,0,0,0,0,0,0,0,0,0,0,0,0,0,0,0,0,0,0,0,0,0,0,0,0,0,0,0,0,0,0,0,0,0,0,0,0,0,0,0,0,0,0,0,0,0,0,0,0,0,0,0,0,0,0,0,0,DE1 14_to_DE1 4,399.5577984,0.024972362,20000,40711.41601,0.95,0,0,DE1 14,DE1 4,11.75030038,51.22456746,11.39973609,48.35883243
,,140,0,0,0,0,0,0,0,0,1,0,0,0,0,0,0,0,0,0,-1,0,0,0,0,0,0,0,0,0,0,0,0,0,0,0,0,0,0,0,0,0,0,0,0,0,0,0,0,0,0,0,0,0,0,0,0,0,0,0,0,0,0,0,0,0,0,0,0,0,0,0,0,0,0,0,0,0,0,DE1 16_to_DE1 8,220.5950437,0.01378719,20000,30141.10613,0.95,0,0,DE1 16,DE1 8,7.383087925,52.70033778,6.782045751,51.15711695
,,141,0,0,0,0,0,0,0,0,0,0,0,0,0,0,0,0,0,0,0,0,0,0,0,0,0,0,0,0,0,0,0,0,0,0,0,0,0,0,0,0,0,-1,0,0,0,0,0,0,0,0,0,0,0,0,0,0,0,0,1,0,0,0,0,0,0,0,0,0,0,0,0,0,0,0,0,0,0,GB0 6_to_FR1 2,582.4991866,0.036406199,20000,61155.16386,0.95,0,0,GB0 6,FR1 2,-3.314649048,51.51069342,-1.259489523,47.53739283
,,142,-1,0,0,0,0,0,0,0,0,0,0,0,0,0,0,1,0,0,0,0,0,0,0,0,0,0,0,0,0,0,0,0,0,0,0,0,0,0,0,0,0,0,0,0,0,0,0,0,0,0,0,0,0,0,0,0,0,0,0,0,0,0,0,0,0,0,0,0,0,0,0,0,0,0,0,0,0,DE1 5_to_DE1 0,637.9315281,0.039870721,20000,45946.64147,0.95,0,0,DE1 5,DE1 0,9.656115621,53.77222271,8.585665972,49.23105928
,,143,0,0,0,0,0,0,0,0,0,0,0,0,0,0,0,0,0,0,0,0,0,0,0,0,0,0,0,0,0,0,0,0,0,0,0,0,-1,0,0,0,0,0,0,0,0,0,0,0,0,0,0,0,0,0,0,0,0,0,0,0,1,0,0,0,0,0,0,0,0,0,0,0,0,0,0,0,0,GB0 8_to_FR1 14,376.2715918,0.023516974,20000,65001.72111,0.95,0,0,GB0 8,FR1 14,-1.438350688,51.27572538,0.590475004,48.90181715
,,144,-1,0,0,0,0,0,0,0,0,0,0,0,0,0,0,0,0,0,1,0,0,0,0,0,0,0,0,0,0,0,0,0,0,0,0,0,0,0,0,0,0,0,0,0,0,0,0,0,0,0,0,0,0,0,0,0,0,0,0,0,0,0,0,0,0,0,0,0,0,0,0,0,0,0,0,0,0,DE1 8_to_DE1 0,312.1080783,0.019506755,20000,29167.80563,0.95,0,0,DE1 8,DE1 0,6.782045751,51.15711695,8.585665972,49.23105928
,,145,0,0,0,0,0,0,0,0,0,0,0,0,0,0,0,0,0,0,0,0,0,0,0,0,0,0,0,0,0,0,0,0,0,0,0,0,0,0,0,0,0,0,-1,0,0,0,0,0,0,0,0,0,0,0,0,0,0,0,0,1,0,0,0,0,0,0,0,0,0,0,0,0,0,0,0,0,0,GB0 7_to_FR1 3,207.3873892,0.012961712,20000,43371.51399,0.95,0,0,GB0 7,FR1 3,0.657501167,51.52831217,2.424028616,50.53222179
,,146,0,0,-1,0,0,0,0,0,0,0,0,0,0,0,0,0,0,0,0,0,0,0,0,0,0,0,0,0,0,0,0,0,0,0,0,0,0,0,0,0,0,0,0,0,0,0,0,0,0,0,0,0,0,0,0,0,0,0,0,1,0,0,0,0,0,0,0,0,0,0,0,0,0,0,0,0,0,GB0 7_to_DE1 10,699.377778,0.043711111,20000,124857.4205,0.95,0,0,GB0 7,DE1 10,0.657501167,51.52831217,8.442956595,53.18344976
,,147,0,0,0,0,0,0,0,0,0,0,0,0,0,0,0,0,0,0,0,0,0,0,0,0,0,0,0,0,0,0,0,0,0,0,0,0,0,0,0,0,0,0,0,0,0,0,0,0,0,0,0,0,0,0,0,0,0,0,0,0,0,0,0,0,0,-1,0,0,0,0,0,0,0,0,0,1,300,IT3 0_to_IT1 10,581.8157279,0.036363483,20000,8350.612058,0.95,0,0,IT3 0,IT1 10,8.7459755,39.9681955,10.77633958,43.87238188