H2_Resource,Zone,H2_FLEX,H2_LIQ,H2_GEN_TYPE,H2_STOR,LDS,New_Build,etaP2G_MWh_p_tonne,etaFuel_MMBtu_p_tonne,Inv_Cost_p_tonne_p_hr_yr,Inv_Cost_Charge_p_tonne_p_hr_yr,Inv_Cost_Energy_p_tonne_yr,Fixed_OM_Cost_p_tonne_p_hr_yr,Fixed_OM_Cost_Charge_p_tonne_p_hr_yr,Fixed_OM_Cost_Energy_p_tonne_yr,Var_OM_Cost_p_tonne,Var_OM_Cost_Charge_p_tonne,Fuel,Max_Cap_tonne_p_hr,Min_Cap_tonne_p_hr,Max_Charge_Cap_tonne_p_hr,Min_Charge_Cap_tonne_p_hr,Max_Energy_Cap_tonne,Min_Energy_Cap_tonne,Existing_Cap_tonne_p_hr,Existing_Charge_Cap_tonne_p_hr,Existing_Energy_Cap_tonne,Cap_Size_tonne_p_hr,Ramp_Up_Percentage,Ramp_Down_Percentage,H2Gen_min_output,H2Stor_min_level,H2Stor_max_level,H2Stor_self_discharge_rate_p_hour,H2Stor_Charge_MWh_p_tonne,H2Stor_Charge_MMBtu_p_tonne,H2Stor_eff_charge,H2Stor_eff_discharge,Start_Cost_per_tonne_p_hr,Up_Time,Down_Time,Flexible_Demand_Energy_Eff,Max_Flexible_Demand_Delay,Max_Flexible_Demand_Advance
Electrolyzer_1.0,1.0,0,0,2,0,0,1,45.0,0.0,1375704,0,0,478625,0,0,0,0,None,-1,0,-1,0,-1,0,0,0,0,2,1.0,1.0,0.2,0.0,0,0.0,0.0,0,0,0,0,1,1,0,0,0
Gas_storage_tank_1.0,1.0,0,0,0,1,1,1,0.0,0.0,0,131884,28584,0,0,1011,0,0,None,-1,0,-1,0,-1,0,0,0,0,0,1.0,1.0,0.0,0.1,1,0.0,0.71,0,1,1,0,0,0,0,0,0
Liquid_storage_tank_1.0,1.0,0,0,0,2,1,1,0.0,0.0,0,0,7721,0,0,9436,0,0,None,-1,0,-1,0,-1,0,0,0,0,0,1.0,1.0,0.0,0.05,1,1.25e-05,0.0,0,1,1,0,0,0,0,0,0
Liquifier_w_terminal_1.0,1.0,0,2,0,0,0,1,9.0,0.0,4737113,0,0,3281810,0,0,0,0,None,-1,0,-1,0,-1,0,0,0,0,2,0.5,0.5,0.2,0.0,0,0.0,0.0,0,0,0,0,12,6,0,0,0
SMR_1.0,1.0,0,0,2,0,0,1,0.0,166.68,1790918,0,0,1314963,0,0,0,0,ng,-1,0,-1,0,-1,0,0,0,0,2,0.5,0.5,0.3,0.0,0,0.0,0.0,0,0,0,10,4,2,0,0,0
Electrolyzer_2.0,2.0,0,0,2,0,0,1,45.0,0.0,1375704,0,0,478625,0,0,0,0,None,-1,0,-1,0,-1,0,0,0,0,2,1.0,1.0,0.2,0.0,0,0.0,0.0,0,0,0,0,1,1,0,0,0
Gas_storage_tank_2.0,2.0,0,0,0,1,1,1,0.0,0.0,0,131884,28584,0,0,1011,0,0,None,-1,0,-1,0,-1,0,0,0,0,0,1.0,1.0,0.0,0.1,1,0.0,0.71,0,1,1,0,0,0,0,0,0
Liquid_storage_tank_2.0,2.0,0,0,0,2,1,1,0.0,0.0,0,0,7721,0,0,9436,0,0,None,-1,0,-1,0,-1,0,0,0,0,0,1.0,1.0,0.0,0.05,1,1.25e-05,0.0,0,1,1,0,0,0,0,0,0
Liquifier_w_terminal_2.0,2.0,0,2,0,0,0,1,9.0,0.0,4737113,0,0,3281810,0,0,0,0,None,-1,0,-1,0,-1,0,0,0,0,2,0.5,0.5,0.2,0.0,0,0.0,0.0,0,0,0,0,12,6,0,0,0
SMR_2.0,2.0,0,0,2,0,0,1,0.0,166.68,1790918,0,0,1314963,0,0,0,0,ng,-1,0,-1,0,-1,0,0,0,0,2,0.5,0.5,0.3,0.0,0,0.0,0.0,0,0,0,10,4,2,0,0,0
Electrolyzer_3.0,3.0,0,0,2,0,0,1,45.0,0.0,1375704,0,0,478625,0,0,0,0,None,-1,0,-1,0,-1,0,0,0,0,2,1.0,1.0,0.2,0.0,0,0.0,0.0,0,0,0,0,1,1,0,0,0
Gas_storage_tank_3.0,3.0,0,0,0,1,1,1,0.0,0.0,0,131884,28584,0,0,1011,0,0,None,-1,0,-1,0,-1,0,0,0,0,0,1.0,1.0,0.0,0.1,1,0.0,0.71,0,1,1,0,0,0,0,0,0
Liquid_storage_tank_3.0,3.0,0,0,0,2,1,1,0.0,0.0,0,0,7721,0,0,9436,0,0,None,-1,0,-1,0,-1,0,0,0,0,0,1.0,1.0,0.0,0.05,1,1.25e-05,0.0,0,1,1,0,0,0,0,0,0
Liquifier_w_terminal_3.0,3.0,0,2,0,0,0,1,9.0,0.0,4737113,0,0,3281810,0,0,0,0,None,-1,0,-1,0,-1,0,0,0,0,2,0.5,0.5,0.2,0.0,0,0.0,0.0,0,0,0,0,12,6,0,0,0
SMR_3.0,3.0,0,0,2,0,0,1,0.0,166.68,1790918,0,0,1314963,0,0,0,0,ng,-1,0,-1,0,-1,0,0,0,0,2,0.5,0.5,0.3,0.0,0,0.0,0.0,0,0,0,10,4,2,0,0,0
Electrolyzer_4.0,4.0,0,0,2,0,0,1,45.0,0.0,1375704,0,0,478625,0,0,0,0,None,-1,0,-1,0,-1,0,0,0,0,2,1.0,1.0,0.2,0.0,0,0.0,0.0,0,0,0,0,1,1,0,0,0
Gas_storage_tank_4.0,4.0,0,0,0,1,1,1,0.0,0.0,0,131884,28584,0,0,1011,0,0,None,-1,0,-1,0,-1,0,0,0,0,0,1.0,1.0,0.0,0.1,1,0.0,0.71,0,1,1,0,0,0,0,0,0
Liquid_storage_tank_4.0,4.0,0,0,0,2,1,1,0.0,0.0,0,0,7721,0,0,9436,0,0,None,-1,0,-1,0,-1,0,0,0,0,0,1.0,1.0,0.0,0.05,1,1.25e-05,0.0,0,1,1,0,0,0,0,0,0
Liquifier_w_terminal_4.0,4.0,0,2,0,0,0,1,9.0,0.0,4737113,0,0,3281810,0,0,0,0,None,-1,0,-1,0,-1,0,0,0,0,2,0.5,0.5,0.2,0.0,0,0.0,0.0,0,0,0,0,12,6,0,0,0
SMR_4.0,4.0,0,0,2,0,0,1,0.0,166.68,1790918,0,0,1314963,0,0,0,0,ng,-1,0,-1,0,-1,0,0,0,0,2,0.5,0.5,0.3,0.0,0,0.0,0.0,0,0,0,10,4,2,0,0,0
Electrolyzer_5.0,5.0,0,0,2,0,0,1,45.0,0.0,1375704,0,0,478625,0,0,0,0,None,-1,0,-1,0,-1,0,0,0,0,2,1.0,1.0,0.2,0.0,0,0.0,0.0,0,0,0,0,1,1,0,0,0
Gas_storage_tank_5.0,5.0,0,0,0,1,1,1,0.0,0.0,0,131884,28584,0,0,1011,0,0,None,-1,0,-1,0,-1,0,0,0,0,0,1.0,1.0,0.0,0.1,1,0.0,0.71,0,1,1,0,0,0,0,0,0
Liquid_storage_tank_5.0,5.0,0,0,0,2,1,1,0.0,0.0,0,0,7721,0,0,9436,0,0,None,-1,0,-1,0,-1,0,0,0,0,0,1.0,1.0,0.0,0.05,1,1.25e-05,0.0,0,1,1,0,0,0,0,0,0
Liquifier_w_terminal_5.0,5.0,0,2,0,0,0,1,9.0,0.0,4737113,0,0,3281810,0,0,0,0,None,-1,0,-1,0,-1,0,0,0,0,2,0.5,0.5,0.2,0.0,0,0.0,0.0,0,0,0,0,12,6,0,0,0
SMR_5.0,5.0,0,0,2,0,0,1,0.0,166.68,1790918,0,0,1314963,0,0,0,0,ng,-1,0,-1,0,-1,0,0,0,0,2,0.5,0.5,0.3,0.0,0,0.0,0.0,0,0,0,10,4,2,0,0,0
Electrolyzer_6.0,6.0,0,0,2,0,0,1,45.0,0.0,1375704,0,0,478625,0,0,0,0,None,-1,0,-1,0,-1,0,0,0,0,2,1.0,1.0,0.2,0.0,0,0.0,0.0,0,0,0,0,1,1,0,0,0
Gas_storage_tank_6.0,6.0,0,0,0,1,1,1,0.0,0.0,0,131884,28584,0,0,1011,0,0,None,-1,0,-1,0,-1,0,0,0,0,0,1.0,1.0,0.0,0.1,1,0.0,0.71,0,1,1,0,0,0,0,0,0
Liquid_storage_tank_6.0,6.0,0,0,0,2,1,1,0.0,0.0,0,0,7721,0,0,9436,0,0,None,-1,0,-1,0,-1,0,0,0,0,0,1.0,1.0,0.0,0.05,1,1.25e-05,0.0,0,1,1,0,0,0,0,0,0
Liquifier_w_terminal_6.0,6.0,0,2,0,0,0,1,9.0,0.0,4737113,0,0,3281810,0,0,0,0,None,-1,0,-1,0,-1,0,0,0,0,2,0.5,0.5,0.2,0.0,0,0.0,0.0,0,0,0,0,12,6,0,0,0
SMR_6.0,6.0,0,0,2,0,0,1,0.0,166.68,1790918,0,0,1314963,0,0,0,0,ng,-1,0,-1,0,-1,0,0,0,0,2,0.5,0.5,0.3,0.0,0,0.0,0.0,0,0,0,10,4,2,0,0,0
Electrolyzer_7.0,7.0,0,0,2,0,0,1,45.0,0.0,1375704,0,0,478625,0,0,0,0,None,-1,0,-1,0,-1,0,0,0,0,2,1.0,1.0,0.2,0.0,0,0.0,0.0,0,0,0,0,1,1,0,0,0
Gas_storage_tank_7.0,7.0,0,0,0,1,1,1,0.0,0.0,0,131884,28584,0,0,1011,0,0,None,-1,0,-1,0,-1,0,0,0,0,0,1.0,1.0,0.0,0.1,1,0.0,0.71,0,1,1,0,0,0,0,0,0
Liquid_storage_tank_7.0,7.0,0,0,0,2,1,1,0.0,0.0,0,0,7721,0,0,9436,0,0,None,-1,0,-1,0,-1,0,0,0,0,0,1.0,1.0,0.0,0.05,1,1.25e-05,0.0,0,1,1,0,0,0,0,0,0
Liquifier_w_terminal_7.0,7.0,0,2,0,0,0,1,9.0,0.0,4737113,0,0,3281810,0,0,0,0,None,-1,0,-1,0,-1,0,0,0,0,2,0.5,0.5,0.2,0.0,0,0.0,0.0,0,0,0,0,12,6,0,0,0
SMR_7.0,7.0,0,0,2,0,0,1,0.0,166.68,1790918,0,0,1314963,0,0,0,0,ng,-1,0,-1,0,-1,0,0,0,0,2,0.5,0.5,0.3,0.0,0,0.0,0.0,0,0,0,10,4,2,0,0,0
Electrolyzer_8.0,8.0,0,0,2,0,0,1,45.0,0.0,1375704,0,0,478625,0,0,0,0,None,-1,0,-1,0,-1,0,0,0,0,2,1.0,1.0,0.2,0.0,0,0.0,0.0,0,0,0,0,1,1,0,0,0
Gas_storage_tank_8.0,8.0,0,0,0,1,1,1,0.0,0.0,0,131884,28584,0,0,1011,0,0,None,-1,0,-1,0,-1,0,0,0,0,0,1.0,1.0,0.0,0.1,1,0.0,0.71,0,1,1,0,0,0,0,0,0
Liquid_storage_tank_8.0,8.0,0,0,0,2,1,1,0.0,0.0,0,0,7721,0,0,9436,0,0,None,-1,0,-1,0,-1,0,0,0,0,0,1.0,1.0,0.0,0.05,1,1.25e-05,0.0,0,1,1,0,0,0,0,0,0
Liquifier_w_terminal_8.0,8.0,0,2,0,0,0,1,9.0,0.0,4737113,0,0,3281810,0,0,0,0,None,-1,0,-1,0,-1,0,0,0,0,2,0.5,0.5,0.2,0.0,0,0.0,0.0,0,0,0,0,12,6,0,0,0
SMR_8.0,8.0,0,0,2,0,0,1,0.0,166.68,1790918,0,0,1314963,0,0,0,0,ng,-1,0,-1,0,-1,0,0,0,0,2,0.5,0.5,0.3,0.0,0,0.0,0.0,0,0,0,10,4,2,0,0,0
Electrolyzer_9.0,9.0,0,0,2,0,0,1,45.0,0.0,1375704,0,0,478625,0,0,0,0,None,-1,0,-1,0,-1,0,0,0,0,2,1.0,1.0,0.2,0.0,0,0.0,0.0,0,0,0,0,1,1,0,0,0
Gas_storage_tank_9.0,9.0,0,0,0,1,1,1,0.0,0.0,0,131884,28584,0,0,1011,0,0,None,-1,0,-1,0,-1,0,0,0,0,0,1.0,1.0,0.0,0.1,1,0.0,0.71,0,1,1,0,0,0,0,0,0
Liquid_storage_tank_9.0,9.0,0,0,0,2,1,1,0.0,0.0,0,0,7721,0,0,9436,0,0,None,-1,0,-1,0,-1,0,0,0,0,0,1.0,1.0,0.0,0.05,1,1.25e-05,0.0,0,1,1,0,0,0,0,0,0
Liquifier_w_terminal_9.0,9.0,0,2,0,0,0,1,9.0,0.0,4737113,0,0,3281810,0,0,0,0,None,-1,0,-1,0,-1,0,0,0,0,2,0.5,0.5,0.2,0.0,0,0.0,0.0,0,0,0,0,12,6,0,0,0
SMR_9.0,9.0,0,0,2,0,0,1,0.0,166.68,1790918,0,0,1314963,0,0,0,0,ng,-1,0,-1,0,-1,0,0,0,0,2,0.5,0.5,0.3,0.0,0,0.0,0.0,0,0,0,10,4,2,0,0,0
Electrolyzer_10.0,10.0,0,0,2,0,0,1,45.0,0.0,1375704,0,0,478625,0,0,0,0,None,-1,0,-1,0,-1,0,0,0,0,2,1.0,1.0,0.2,0.0,0,0.0,0.0,0,0,0,0,1,1,0,0,0
Gas_storage_tank_10.0,10.0,0,0,0,1,1,1,0.0,0.0,0,131884,28584,0,0,1011,0,0,None,-1,0,-1,0,-1,0,0,0,0,0,1.0,1.0,0.0,0.1,1,0.0,0.71,0,1,1,0,0,0,0,0,0
Liquid_storage_tank_10.0,10.0,0,0,0,2,1,1,0.0,0.0,0,0,7721,0,0,9436,0,0,None,-1,0,-1,0,-1,0,0,0,0,0,1.0,1.0,0.0,0.05,1,1.25e-05,0.0,0,1,1,0,0,0,0,0,0
Liquifier_w_terminal_10.0,10.0,0,2,0,0,0,1,9.0,0.0,4737113,0,0,3281810,0,0,0,0,None,-1,0,-1,0,-1,0,0,0,0,2,0.5,0.5,0.2,0.0,0,0.0,0.0,0,0,0,0,12,6,0,0,0
SMR_10.0,10.0,0,0,2,0,0,1,0.0,166.68,1790918,0,0,1314963,0,0,0,0,ng,-1,0,-1,0,-1,0,0,0,0,2,0.5,0.5,0.3,0.0,0,0.0,0.0,0,0,0,10,4,2,0,0,0
Electrolyzer_11.0,11.0,0,0,2,0,0,1,45.0,0.0,1375704,0,0,478625,0,0,0,0,None,-1,0,-1,0,-1,0,0,0,0,2,1.0,1.0,0.2,0.0,0,0.0,0.0,0,0,0,0,1,1,0,0,0
Gas_storage_tank_11.0,11.0,0,0,0,1,1,1,0.0,0.0,0,131884,28584,0,0,1011,0,0,None,-1,0,-1,0,-1,0,0,0,0,0,1.0,1.0,0.0,0.1,1,0.0,0.71,0,1,1,0,0,0,0,0,0
Liquid_storage_tank_11.0,11.0,0,0,0,2,1,1,0.0,0.0,0,0,7721,0,0,9436,0,0,None,-1,0,-1,0,-1,0,0,0,0,0,1.0,1.0,0.0,0.05,1,1.25e-05,0.0,0,1,1,0,0,0,0,0,0
Liquifier_w_terminal_11.0,11.0,0,2,0,0,0,1,9.0,0.0,4737113,0,0,3281810,0,0,0,0,None,-1,0,-1,0,-1,0,0,0,0,2,0.5,0.5,0.2,0.0,0,0.0,0.0,0,0,0,0,12,6,0,0,0
SMR_11.0,11.0,0,0,2,0,0,1,0.0,166.68,1790918,0,0,1314963,0,0,0,0,ng,-1,0,-1,0,-1,0,0,0,0,2,0.5,0.5,0.3,0.0,0,0.0,0.0,0,0,0,10,4,2,0,0,0
Electrolyzer_12.0,12.0,0,0,2,0,0,1,45.0,0.0,1375704,0,0,478625,0,0,0,0,None,-1,0,-1,0,-1,0,0,0,0,2,1.0,1.0,0.2,0.0,0,0.0,0.0,0,0,0,0,1,1,0,0,0
Gas_storage_tank_12.0,12.0,0,0,0,1,1,1,0.0,0.0,0,131884,28584,0,0,1011,0,0,None,-1,0,-1,0,-1,0,0,0,0,0,1.0,1.0,0.0,0.1,1,0.0,0.71,0,1,1,0,0,0,0,0,0
Liquid_storage_tank_12.0,12.0,0,0,0,2,1,1,0.0,0.0,0,0,7721,0,0,9436,0,0,None,-1,0,-1,0,-1,0,0,0,0,0,1.0,1.0,0.0,0.05,1,1.25e-05,0.0,0,1,1,0,0,0,0,0,0
Liquifier_w_terminal_12.0,12.0,0,2,0,0,0,1,9.0,0.0,4737113,0,0,3281810,0,0,0,0,None,-1,0,-1,0,-1,0,0,0,0,2,0.5,0.5,0.2,0.0,0,0.0,0.0,0,0,0,0,12,6,0,0,0
SMR_12.0,12.0,0,0,2,0,0,1,0.0,166.68,1790918,0,0,1314963,0,0,0,0,ng,-1,0,-1,0,-1,0,0,0,0,2,0.5,0.5,0.3,0.0,0,0.0,0.0,0,0,0,10,4,2,0,0,0
Electrolyzer_13.0,13.0,0,0,2,0,0,1,45.0,0.0,1375704,0,0,478625,0,0,0,0,None,-1,0,-1,0,-1,0,0,0,0,2,1.0,1.0,0.2,0.0,0,0.0,0.0,0,0,0,0,1,1,0,0,0
Gas_storage_tank_13.0,13.0,0,0,0,1,1,1,0.0,0.0,0,131884,28584,0,0,1011,0,0,None,-1,0,-1,0,-1,0,0,0,0,0,1.0,1.0,0.0,0.1,1,0.0,0.71,0,1,1,0,0,0,0,0,0
Liquid_storage_tank_13.0,13.0,0,0,0,2,1,1,0.0,0.0,0,0,7721,0,0,9436,0,0,None,-1,0,-1,0,-1,0,0,0,0,0,1.0,1.0,0.0,0.05,1,1.25e-05,0.0,0,1,1,0,0,0,0,0,0
Liquifier_w_terminal_13.0,13.0,0,2,0,0,0,1,9.0,0.0,4737113,0,0,3281810,0,0,0,0,None,-1,0,-1,0,-1,0,0,0,0,2,0.5,0.5,0.2,0.0,0,0.0,0.0,0,0,0,0,12,6,0,0,0
SMR_13.0,13.0,0,0,2,0,0,1,0.0,166.68,1790918,0,0,1314963,0,0,0,0,ng,-1,0,-1,0,-1,0,0,0,0,2,0.5,0.5,0.3,0.0,0,0.0,0.0,0,0,0,10,4,2,0,0,0
Electrolyzer_14.0,14.0,0,0,2,0,0,1,45.0,0.0,1375704,0,0,478625,0,0,0,0,None,-1,0,-1,0,-1,0,0,0,0,2,1.0,1.0,0.2,0.0,0,0.0,0.0,0,0,0,0,1,1,0,0,0
Gas_storage_tank_14.0,14.0,0,0,0,1,1,1,0.0,0.0,0,131884,28584,0,0,1011,0,0,None,-1,0,-1,0,-1,0,0,0,0,0,1.0,1.0,0.0,0.1,1,0.0,0.71,0,1,1,0,0,0,0,0,0
Liquid_storage_tank_14.0,14.0,0,0,0,2,1,1,0.0,0.0,0,0,7721,0,0,9436,0,0,None,-1,0,-1,0,-1,0,0,0,0,0,1.0,1.0,0.0,0.05,1,1.25e-05,0.0,0,1,1,0,0,0,0,0,0
Liquifier_w_terminal_14.0,14.0,0,2,0,0,0,1,9.0,0.0,4737113,0,0,3281810,0,0,0,0,None,-1,0,-1,0,-1,0,0,0,0,2,0.5,0.5,0.2,0.0,0,0.0,0.0,0,0,0,0,12,6,0,0,0
SMR_14.0,14.0,0,0,2,0,0,1,0.0,166.68,1790918,0,0,1314963,0,0,0,0,ng,-1,0,-1,0,-1,0,0,0,0,2,0.5,0.5,0.3,0.0,0,0.0,0.0,0,0,0,10,4,2,0,0,0
Electrolyzer_15.0,15.0,0,0,2,0,0,1,45.0,0.0,1375704,0,0,478625,0,0,0,0,None,-1,0,-1,0,-1,0,0,0,0,2,1.0,1.0,0.2,0.0,0,0.0,0.0,0,0,0,0,1,1,0,0,0
Gas_storage_tank_15.0,15.0,0,0,0,1,1,1,0.0,0.0,0,131884,28584,0,0,1011,0,0,None,-1,0,-1,0,-1,0,0,0,0,0,1.0,1.0,0.0,0.1,1,0.0,0.71,0,1,1,0,0,0,0,0,0
Liquid_storage_tank_15.0,15.0,0,0,0,2,1,1,0.0,0.0,0,0,7721,0,0,9436,0,0,None,-1,0,-1,0,-1,0,0,0,0,0,1.0,1.0,0.0,0.05,1,1.25e-05,0.0,0,1,1,0,0,0,0,0,0
Liquifier_w_terminal_15.0,15.0,0,2,0,0,0,1,9.0,0.0,4737113,0,0,3281810,0,0,0,0,None,-1,0,-1,0,-1,0,0,0,0,2,0.5,0.5,0.2,0.0,0,0.0,0.0,0,0,0,0,12,6,0,0,0
SMR_15.0,15.0,0,0,2,0,0,1,0.0,166.68,1790918,0,0,1314963,0,0,0,0,ng,-1,0,-1,0,-1,0,0,0,0,2,0.5,0.5,0.3,0.0,0,0.0,0.0,0,0,0,10,4,2,0,0,0
Electrolyzer_16.0,16.0,0,0,2,0,0,1,45.0,0.0,1375704,0,0,478625,0,0,0,0,None,-1,0,-1,0,-1,0,0,0,0,2,1.0,1.0,0.2,0.0,0,0.0,0.0,0,0,0,0,1,1,0,0,0
Gas_storage_tank_16.0,16.0,0,0,0,1,1,1,0.0,0.0,0,131884,28584,0,0,1011,0,0,None,-1,0,-1,0,-1,0,0,0,0,0,1.0,1.0,0.0,0.1,1,0.0,0.71,0,1,1,0,0,0,0,0,0
Liquid_storage_tank_16.0,16.0,0,0,0,2,1,1,0.0,0.0,0,0,7721,0,0,9436,0,0,None,-1,0,-1,0,-1,0,0,0,0,0,1.0,1.0,0.0,0.05,1,1.25e-05,0.0,0,1,1,0,0,0,0,0,0
Liquifier_w_terminal_16.0,16.0,0,2,0,0,0,1,9.0,0.0,4737113,0,0,3281810,0,0,0,0,None,-1,0,-1,0,-1,0,0,0,0,2,0.5,0.5,0.2,0.0,0,0.0,0.0,0,0,0,0,12,6,0,0,0
SMR_16.0,16.0,0,0,2,0,0,1,0.0,166.68,1790918,0,0,1314963,0,0,0,0,ng,-1,0,-1,0,-1,0,0,0,0,2,0.5,0.5,0.3,0.0,0,0.0,0.0,0,0,0,10,4,2,0,0,0
Electrolyzer_17.0,17.0,0,0,2,0,0,1,45.0,0.0,1375704,0,0,478625,0,0,0,0,None,-1,0,-1,0,-1,0,0,0,0,2,1.0,1.0,0.2,0.0,0,0.0,0.0,0,0,0,0,1,1,0,0,0
Gas_storage_tank_17.0,17.0,0,0,0,1,1,1,0.0,0.0,0,131884,28584,0,0,1011,0,0,None,-1,0,-1,0,-1,0,0,0,0,0,1.0,1.0,0.0,0.1,1,0.0,0.71,0,1,1,0,0,0,0,0,0
Liquid_storage_tank_17.0,17.0,0,0,0,2,1,1,0.0,0.0,0,0,7721,0,0,9436,0,0,None,-1,0,-1,0,-1,0,0,0,0,0,1.0,1.0,0.0,0.05,1,1.25e-05,0.0,0,1,1,0,0,0,0,0,0
Liquifier_w_terminal_17.0,17.0,0,2,0,0,0,1,9.0,0.0,4737113,0,0,3281810,0,0,0,0,None,-1,0,-1,0,-1,0,0,0,0,2,0.5,0.5,0.2,0.0,0,0.0,0.0,0,0,0,0,12,6,0,0,0
SMR_17.0,17.0,0,0,2,0,0,1,0.0,166.68,1790918,0,0,1314963,0,0,0,0,ng,-1,0,-1,0,-1,0,0,0,0,2,0.5,0.5,0.3,0.0,0,0.0,0.0,0,0,0,10,4,2,0,0,0
Electrolyzer_18.0,18.0,0,0,2,0,0,1,45.0,0.0,1375704,0,0,478625,0,0,0,0,None,-1,0,-1,0,-1,0,0,0,0,2,1.0,1.0,0.2,0.0,0,0.0,0.0,0,0,0,0,1,1,0,0,0
Gas_storage_tank_18.0,18.0,0,0,0,1,1,1,0.0,0.0,0,131884,28584,0,0,1011,0,0,None,-1,0,-1,0,-1,0,0,0,0,0,1.0,1.0,0.0,0.1,1,0.0,0.71,0,1,1,0,0,0,0,0,0
Liquid_storage_tank_18.0,18.0,0,0,0,2,1,1,0.0,0.0,0,0,7721,0,0,9436,0,0,None,-1,0,-1,0,-1,0,0,0,0,0,1.0,1.0,0.0,0.05,1,1.25e-05,0.0,0,1,1,0,0,0,0,0,0
Liquifier_w_terminal_18.0,18.0,0,2,0,0,0,1,9.0,0.0,4737113,0,0,3281810,0,0,0,0,None,-1,0,-1,0,-1,0,0,0,0,2,0.5,0.5,0.2,0.0,0,0.0,0.0,0,0,0,0,12,6,0,0,0
SMR_18.0,18.0,0,0,2,0,0,1,0.0,166.68,1790918,0,0,1314963,0,0,0,0,ng,-1,0,-1,0,-1,0,0,0,0,2,0.5,0.5,0.3,0.0,0,0.0,0.0,0,0,0,10,4,2,0,0,0
Electrolyzer_19.0,19.0,0,0,2,0,0,1,45.0,0.0,1375704,0,0,478625,0,0,0,0,None,-1,0,-1,0,-1,0,0,0,0,2,1.0,1.0,0.2,0.0,0,0.0,0.0,0,0,0,0,1,1,0,0,0
Gas_storage_tank_19.0,19.0,0,0,0,1,1,1,0.0,0.0,0,131884,28584,0,0,1011,0,0,None,-1,0,-1,0,-1,0,0,0,0,0,1.0,1.0,0.0,0.1,1,0.0,0.71,0,1,1,0,0,0,0,0,0
Liquid_storage_tank_19.0,19.0,0,0,0,2,1,1,0.0,0.0,0,0,7721,0,0,9436,0,0,None,-1,0,-1,0,-1,0,0,0,0,0,1.0,1.0,0.0,0.05,1,1.25e-05,0.0,0,1,1,0,0,0,0,0,0
Liquifier_w_terminal_19.0,19.0,0,2,0,0,0,1,9.0,0.0,4737113,0,0,3281810,0,0,0,0,None,-1,0,-1,0,-1,0,0,0,0,2,0.5,0.5,0.2,0.0,0,0.0,0.0,0,0,0,0,12,6,0,0,0
SMR_19.0,19.0,0,0,2,0,0,1,0.0,166.68,1790918,0,0,1314963,0,0,0,0,ng,-1,0,-1,0,-1,0,0,0,0,2,0.5,0.5,0.3,0.0,0,0.0,0.0,0,0,0,10,4,2,0,0,0
Electrolyzer_20.0,20.0,0,0,2,0,0,1,45.0,0.0,1375704,0,0,478625,0,0,0,0,None,-1,0,-1,0,-1,0,0,0,0,2,1.0,1.0,0.2,0.0,0,0.0,0.0,0,0,0,0,1,1,0,0,0
Gas_storage_tank_20.0,20.0,0,0,0,1,1,1,0.0,0.0,0,131884,28584,0,0,1011,0,0,None,-1,0,-1,0,-1,0,0,0,0,0,1.0,1.0,0.0,0.1,1,0.0,0.71,0,1,1,0,0,0,0,0,0
Liquid_storage_tank_20.0,20.0,0,0,0,2,1,1,0.0,0.0,0,0,7721,0,0,9436,0,0,None,-1,0,-1,0,-1,0,0,0,0,0,1.0,1.0,0.0,0.05,1,1.25e-05,0.0,0,1,1,0,0,0,0,0,0
Liquifier_w_terminal_20.0,20.0,0,2,0,0,0,1,9.0,0.0,4737113,0,0,3281810,0,0,0,0,None,-1,0,-1,0,-1,0,0,0,0,2,0.5,0.5,0.2,0.0,0,0.0,0.0,0,0,0,0,12,6,0,0,0
SMR_20.0,20.0,0,0,2,0,0,1,0.0,166.68,1790918,0,0,1314963,0,0,0,0,ng,-1,0,-1,0,-1,0,0,0,0,2,0.5,0.5,0.3,0.0,0,0.0,0.0,0,0,0,10,4,2,0,0,0
Electrolyzer_21.0,21.0,0,0,2,0,0,1,45.0,0.0,1375704,0,0,478625,0,0,0,0,None,-1,0,-1,0,-1,0,0,0,0,2,1.0,1.0,0.2,0.0,0,0.0,0.0,0,0,0,0,1,1,0,0,0
Gas_storage_tank_21.0,21.0,0,0,0,1,1,1,0.0,0.0,0,131884,28584,0,0,1011,0,0,None,-1,0,-1,0,-1,0,0,0,0,0,1.0,1.0,0.0,0.1,1,0.0,0.71,0,1,1,0,0,0,0,0,0
Liquid_storage_tank_21.0,21.0,0,0,0,2,1,1,0.0,0.0,0,0,7721,0,0,9436,0,0,None,-1,0,-1,0,-1,0,0,0,0,0,1.0,1.0,0.0,0.05,1,1.25e-05,0.0,0,1,1,0,0,0,0,0,0
Liquifier_w_terminal_21.0,21.0,0,2,0,0,0,1,9.0,0.0,4737113,0,0,3281810,0,0,0,0,None,-1,0,-1,0,-1,0,0,0,0,2,0.5,0.5,0.2,0.0,0,0.0,0.0,0,0,0,0,12,6,0,0,0
SMR_21.0,21.0,0,0,2,0,0,1,0.0,166.68,1790918,0,0,1314963,0,0,0,0,ng,-1,0,-1,0,-1,0,0,0,0,2,0.5,0.5,0.3,0.0,0,0.0,0.0,0,0,0,10,4,2,0,0,0
Electrolyzer_22.0,22.0,0,0,2,0,0,1,45.0,0.0,1375704,0,0,478625,0,0,0,0,None,-1,0,-1,0,-1,0,0,0,0,2,1.0,1.0,0.2,0.0,0,0.0,0.0,0,0,0,0,1,1,0,0,0
Gas_storage_tank_22.0,22.0,0,0,0,1,1,1,0.0,0.0,0,131884,28584,0,0,1011,0,0,None,-1,0,-1,0,-1,0,0,0,0,0,1.0,1.0,0.0,0.1,1,0.0,0.71,0,1,1,0,0,0,0,0,0
Liquid_storage_tank_22.0,22.0,0,0,0,2,1,1,0.0,0.0,0,0,7721,0,0,9436,0,0,None,-1,0,-1,0,-1,0,0,0,0,0,1.0,1.0,0.0,0.05,1,1.25e-05,0.0,0,1,1,0,0,0,0,0,0
Liquifier_w_terminal_22.0,22.0,0,2,0,0,0,1,9.0,0.0,4737113,0,0,3281810,0,0,0,0,None,-1,0,-1,0,-1,0,0,0,0,2,0.5,0.5,0.2,0.0,0,0.0,0.0,0,0,0,0,12,6,0,0,0
SMR_22.0,22.0,0,0,2,0,0,1,0.0,166.68,1790918,0,0,1314963,0,0,0,0,ng,-1,0,-1,0,-1,0,0,0,0,2,0.5,0.5,0.3,0.0,0,0.0,0.0,0,0,0,10,4,2,0,0,0
Electrolyzer_23.0,23.0,0,0,2,0,0,1,45.0,0.0,1375704,0,0,478625,0,0,0,0,None,-1,0,-1,0,-1,0,0,0,0,2,1.0,1.0,0.2,0.0,0,0.0,0.0,0,0,0,0,1,1,0,0,0
Gas_storage_tank_23.0,23.0,0,0,0,1,1,1,0.0,0.0,0,131884,28584,0,0,1011,0,0,None,-1,0,-1,0,-1,0,0,0,0,0,1.0,1.0,0.0,0.1,1,0.0,0.71,0,1,1,0,0,0,0,0,0
Liquid_storage_tank_23.0,23.0,0,0,0,2,1,1,0.0,0.0,0,0,7721,0,0,9436,0,0,None,-1,0,-1,0,-1,0,0,0,0,0,1.0,1.0,0.0,0.05,1,1.25e-05,0.0,0,1,1,0,0,0,0,0,0
Liquifier_w_terminal_23.0,23.0,0,2,0,0,0,1,9.0,0.0,4737113,0,0,3281810,0,0,0,0,None,-1,0,-1,0,-1,0,0,0,0,2,0.5,0.5,0.2,0.0,0,0.0,0.0,0,0,0,0,12,6,0,0,0
SMR_23.0,23.0,0,0,2,0,0,1,0.0,166.68,1790918,0,0,1314963,0,0,0,0,ng,-1,0,-1,0,-1,0,0,0,0,2,0.5,0.5,0.3,0.0,0,0.0,0.0,0,0,0,10,4,2,0,0,0
Electrolyzer_24.0,24.0,0,0,2,0,0,1,45.0,0.0,1375704,0,0,478625,0,0,0,0,None,-1,0,-1,0,-1,0,0,0,0,2,1.0,1.0,0.2,0.0,0,0.0,0.0,0,0,0,0,1,1,0,0,0
Gas_storage_tank_24.0,24.0,0,0,0,1,1,1,0.0,0.0,0,131884,28584,0,0,1011,0,0,None,-1,0,-1,0,-1,0,0,0,0,0,1.0,1.0,0.0,0.1,1,0.0,0.71,0,1,1,0,0,0,0,0,0
Liquid_storage_tank_24.0,24.0,0,0,0,2,1,1,0.0,0.0,0,0,7721,0,0,9436,0,0,None,-1,0,-1,0,-1,0,0,0,0,0,1.0,1.0,0.0,0.05,1,1.25e-05,0.0,0,1,1,0,0,0,0,0,0
Liquifier_w_terminal_24.0,24.0,0,2,0,0,0,1,9.0,0.0,4737113,0,0,3281810,0,0,0,0,None,-1,0,-1,0,-1,0,0,0,0,2,0.5,0.5,0.2,0.0,0,0.0,0.0,0,0,0,0,12,6,0,0,0
SMR_24.0,24.0,0,0,2,0,0,1,0.0,166.68,1790918,0,0,1314963,0,0,0,0,ng,-1,0,-1,0,-1,0,0,0,0,2,0.5,0.5,0.3,0.0,0,0.0,0.0,0,0,0,10,4,2,0,0,0
Electrolyzer_25.0,25.0,0,0,2,0,0,1,45.0,0.0,1375704,0,0,478625,0,0,0,0,None,-1,0,-1,0,-1,0,0,0,0,2,1.0,1.0,0.2,0.0,0,0.0,0.0,0,0,0,0,1,1,0,0,0
Gas_storage_tank_25.0,25.0,0,0,0,1,1,1,0.0,0.0,0,131884,28584,0,0,1011,0,0,None,-1,0,-1,0,-1,0,0,0,0,0,1.0,1.0,0.0,0.1,1,0.0,0.71,0,1,1,0,0,0,0,0,0
Liquid_storage_tank_25.0,25.0,0,0,0,2,1,1,0.0,0.0,0,0,7721,0,0,9436,0,0,None,-1,0,-1,0,-1,0,0,0,0,0,1.0,1.0,0.0,0.05,1,1.25e-05,0.0,0,1,1,0,0,0,0,0,0
Liquifier_w_terminal_25.0,25.0,0,2,0,0,0,1,9.0,0.0,4737113,0,0,3281810,0,0,0,0,None,-1,0,-1,0,-1,0,0,0,0,2,0.5,0.5,0.2,0.0,0,0.0,0.0,0,0,0,0,12,6,0,0,0
SMR_25.0,25.0,0,0,2,0,0,1,0.0,166.68,1790918,0,0,1314963,0,0,0,0,ng,-1,0,-1,0,-1,0,0,0,0,2,0.5,0.5,0.3,0.0,0,0.0,0.0,0,0,0,10,4,2,0,0,0
Electrolyzer_26.0,26.0,0,0,2,0,0,1,45.0,0.0,1375704,0,0,478625,0,0,0,0,None,-1,0,-1,0,-1,0,0,0,0,2,1.0,1.0,0.2,0.0,0,0.0,0.0,0,0,0,0,1,1,0,0,0
Gas_storage_tank_26.0,26.0,0,0,0,1,1,1,0.0,0.0,0,131884,28584,0,0,1011,0,0,None,-1,0,-1,0,-1,0,0,0,0,0,1.0,1.0,0.0,0.1,1,0.0,0.71,0,1,1,0,0,0,0,0,0
Liquid_storage_tank_26.0,26.0,0,0,0,2,1,1,0.0,0.0,0,0,7721,0,0,9436,0,0,None,-1,0,-1,0,-1,0,0,0,0,0,1.0,1.0,0.0,0.05,1,1.25e-05,0.0,0,1,1,0,0,0,0,0,0
Liquifier_w_terminal_26.0,26.0,0,2,0,0,0,1,9.0,0.0,4737113,0,0,3281810,0,0,0,0,None,-1,0,-1,0,-1,0,0,0,0,2,0.5,0.5,0.2,0.0,0,0.0,0.0,0,0,0,0,12,6,0,0,0
SMR_26.0,26.0,0,0,2,0,0,1,0.0,166.68,1790918,0,0,1314963,0,0,0,0,ng,-1,0,-1,0,-1,0,0,0,0,2,0.5,0.5,0.3,0.0,0,0.0,0.0,0,0,0,10,4,2,0,0,0
Electrolyzer_27.0,27.0,0,0,2,0,0,1,45.0,0.0,1375704,0,0,478625,0,0,0,0,None,-1,0,-1,0,-1,0,0,0,0,2,1.0,1.0,0.2,0.0,0,0.0,0.0,0,0,0,0,1,1,0,0,0
Gas_storage_tank_27.0,27.0,0,0,0,1,1,1,0.0,0.0,0,131884,28584,0,0,1011,0,0,None,-1,0,-1,0,-1,0,0,0,0,0,1.0,1.0,0.0,0.1,1,0.0,0.71,0,1,1,0,0,0,0,0,0
Liquid_storage_tank_27.0,27.0,0,0,0,2,1,1,0.0,0.0,0,0,7721,0,0,9436,0,0,None,-1,0,-1,0,-1,0,0,0,0,0,1.0,1.0,0.0,0.05,1,1.25e-05,0.0,0,1,1,0,0,0,0,0,0
Liquifier_w_terminal_27.0,27.0,0,2,0,0,0,1,9.0,0.0,4737113,0,0,3281810,0,0,0,0,None,-1,0,-1,0,-1,0,0,0,0,2,0.5,0.5,0.2,0.0,0,0.0,0.0,0,0,0,0,12,6,0,0,0
SMR_27.0,27.0,0,0,2,0,0,1,0.0,166.68,1790918,0,0,1314963,0,0,0,0,ng,-1,0,-1,0,-1,0,0,0,0,2,0.5,0.5,0.3,0.0,0,0.0,0.0,0,0,0,10,4,2,0,0,0
Electrolyzer_28.0,28.0,0,0,2,0,0,1,45.0,0.0,1375704,0,0,478625,0,0,0,0,None,-1,0,-1,0,-1,0,0,0,0,2,1.0,1.0,0.2,0.0,0,0.0,0.0,0,0,0,0,1,1,0,0,0
Gas_storage_tank_28.0,28.0,0,0,0,1,1,1,0.0,0.0,0,131884,28584,0,0,1011,0,0,None,-1,0,-1,0,-1,0,0,0,0,0,1.0,1.0,0.0,0.1,1,0.0,0.71,0,1,1,0,0,0,0,0,0
Liquid_storage_tank_28.0,28.0,0,0,0,2,1,1,0.0,0.0,0,0,7721,0,0,9436,0,0,None,-1,0,-1,0,-1,0,0,0,0,0,1.0,1.0,0.0,0.05,1,1.25e-05,0.0,0,1,1,0,0,0,0,0,0
Liquifier_w_terminal_28.0,28.0,0,2,0,0,0,1,9.0,0.0,4737113,0,0,3281810,0,0,0,0,None,-1,0,-1,0,-1,0,0,0,0,2,0.5,0.5,0.2,0.0,0,0.0,0.0,0,0,0,0,12,6,0,0,0
SMR_28.0,28.0,0,0,2,0,0,1,0.0,166.68,1790918,0,0,1314963,0,0,0,0,ng,-1,0,-1,0,-1,0,0,0,0,2,0.5,0.5,0.3,0.0,0,0.0,0.0,0,0,0,10,4,2,0,0,0
Electrolyzer_29.0,29.0,0,0,2,0,0,1,45.0,0.0,1375704,0,0,478625,0,0,0,0,None,-1,0,-1,0,-1,0,0,0,0,2,1.0,1.0,0.2,0.0,0,0.0,0.0,0,0,0,0,1,1,0,0,0
Gas_storage_tank_29.0,29.0,0,0,0,1,1,1,0.0,0.0,0,131884,28584,0,0,1011,0,0,None,-1,0,-1,0,-1,0,0,0,0,0,1.0,1.0,0.0,0.1,1,0.0,0.71,0,1,1,0,0,0,0,0,0
Liquid_storage_tank_29.0,29.0,0,0,0,2,1,1,0.0,0.0,0,0,7721,0,0,9436,0,0,None,-1,0,-1,0,-1,0,0,0,0,0,1.0,1.0,0.0,0.05,1,1.25e-05,0.0,0,1,1,0,0,0,0,0,0
Liquifier_w_terminal_29.0,29.0,0,2,0,0,0,1,9.0,0.0,4737113,0,0,3281810,0,0,0,0,None,-1,0,-1,0,-1,0,0,0,0,2,0.5,0.5,0.2,0.0,0,0.0,0.0,0,0,0,0,12,6,0,0,0
SMR_29.0,29.0,0,0,2,0,0,1,0.0,166.68,1790918,0,0,1314963,0,0,0,0,ng,-1,0,-1,0,-1,0,0,0,0,2,0.5,0.5,0.3,0.0,0,0.0,0.0,0,0,0,10,4,2,0,0,0
Electrolyzer_30.0,30.0,0,0,2,0,0,1,45.0,0.0,1375704,0,0,478625,0,0,0,0,None,-1,0,-1,0,-1,0,0,0,0,2,1.0,1.0,0.2,0.0,0,0.0,0.0,0,0,0,0,1,1,0,0,0
Gas_storage_tank_30.0,30.0,0,0,0,1,1,1,0.0,0.0,0,131884,28584,0,0,1011,0,0,None,-1,0,-1,0,-1,0,0,0,0,0,1.0,1.0,0.0,0.1,1,0.0,0.71,0,1,1,0,0,0,0,0,0
Liquid_storage_tank_30.0,30.0,0,0,0,2,1,1,0.0,0.0,0,0,7721,0,0,9436,0,0,None,-1,0,-1,0,-1,0,0,0,0,0,1.0,1.0,0.0,0.05,1,1.25e-05,0.0,0,1,1,0,0,0,0,0,0
Liquifier_w_terminal_30.0,30.0,0,2,0,0,0,1,9.0,0.0,4737113,0,0,3281810,0,0,0,0,None,-1,0,-1,0,-1,0,0,0,0,2,0.5,0.5,0.2,0.0,0,0.0,0.0,0,0,0,0,12,6,0,0,0
SMR_30.0,30.0,0,0,2,0,0,1,0.0,166.68,1790918,0,0,1314963,0,0,0,0,ng,-1,0,-1,0,-1,0,0,0,0,2,0.5,0.5,0.3,0.0,0,0.0,0.0,0,0,0,10,4,2,0,0,0
Electrolyzer_31.0,31.0,0,0,2,0,0,1,45.0,0.0,1375704,0,0,478625,0,0,0,0,None,-1,0,-1,0,-1,0,0,0,0,2,1.0,1.0,0.2,0.0,0,0.0,0.0,0,0,0,0,1,1,0,0,0
Gas_storage_tank_31.0,31.0,0,0,0,1,1,1,0.0,0.0,0,131884,28584,0,0,1011,0,0,None,-1,0,-1,0,-1,0,0,0,0,0,1.0,1.0,0.0,0.1,1,0.0,0.71,0,1,1,0,0,0,0,0,0
Liquid_storage_tank_31.0,31.0,0,0,0,2,1,1,0.0,0.0,0,0,7721,0,0,9436,0,0,None,-1,0,-1,0,-1,0,0,0,0,0,1.0,1.0,0.0,0.05,1,1.25e-05,0.0,0,1,1,0,0,0,0,0,0
Liquifier_w_terminal_31.0,31.0,0,2,0,0,0,1,9.0,0.0,4737113,0,0,3281810,0,0,0,0,None,-1,0,-1,0,-1,0,0,0,0,2,0.5,0.5,0.2,0.0,0,0.0,0.0,0,0,0,0,12,6,0,0,0
SMR_31.0,31.0,0,0,2,0,0,1,0.0,166.68,1790918,0,0,1314963,0,0,0,0,ng,-1,0,-1,0,-1,0,0,0,0,2,0.5,0.5,0.3,0.0,0,0.0,0.0,0,0,0,10,4,2,0,0,0
Electrolyzer_32.0,32.0,0,0,2,0,0,1,45.0,0.0,1375704,0,0,478625,0,0,0,0,None,-1,0,-1,0,-1,0,0,0,0,2,1.0,1.0,0.2,0.0,0,0.0,0.0,0,0,0,0,1,1,0,0,0
Gas_storage_tank_32.0,32.0,0,0,0,1,1,1,0.0,0.0,0,131884,28584,0,0,1011,0,0,None,-1,0,-1,0,-1,0,0,0,0,0,1.0,1.0,0.0,0.1,1,0.0,0.71,0,1,1,0,0,0,0,0,0
Liquid_storage_tank_32.0,32.0,0,0,0,2,1,1,0.0,0.0,0,0,7721,0,0,9436,0,0,None,-1,0,-1,0,-1,0,0,0,0,0,1.0,1.0,0.0,0.05,1,1.25e-05,0.0,0,1,1,0,0,0,0,0,0
Liquifier_w_terminal_32.0,32.0,0,2,0,0,0,1,9.0,0.0,4737113,0,0,3281810,0,0,0,0,None,-1,0,-1,0,-1,0,0,0,0,2,0.5,0.5,0.2,0.0,0,0.0,0.0,0,0,0,0,12,6,0,0,0
SMR_32.0,32.0,0,0,2,0,0,1,0.0,166.68,1790918,0,0,1314963,0,0,0,0,ng,-1,0,-1,0,-1,0,0,0,0,2,0.5,0.5,0.3,0.0,0,0.0,0.0,0,0,0,10,4,2,0,0,0
Electrolyzer_33.0,33.0,0,0,2,0,0,1,45.0,0.0,1375704,0,0,478625,0,0,0,0,None,-1,0,-1,0,-1,0,0,0,0,2,1.0,1.0,0.2,0.0,0,0.0,0.0,0,0,0,0,1,1,0,0,0
Gas_storage_tank_33.0,33.0,0,0,0,1,1,1,0.0,0.0,0,131884,28584,0,0,1011,0,0,None,-1,0,-1,0,-1,0,0,0,0,0,1.0,1.0,0.0,0.1,1,0.0,0.71,0,1,1,0,0,0,0,0,0
Liquid_storage_tank_33.0,33.0,0,0,0,2,1,1,0.0,0.0,0,0,7721,0,0,9436,0,0,None,-1,0,-1,0,-1,0,0,0,0,0,1.0,1.0,0.0,0.05,1,1.25e-05,0.0,0,1,1,0,0,0,0,0,0
Liquifier_w_terminal_33.0,33.0,0,2,0,0,0,1,9.0,0.0,4737113,0,0,3281810,0,0,0,0,None,-1,0,-1,0,-1,0,0,0,0,2,0.5,0.5,0.2,0.0,0,0.0,0.0,0,0,0,0,12,6,0,0,0
SMR_33.0,33.0,0,0,2,0,0,1,0.0,166.68,1790918,0,0,1314963,0,0,0,0,ng,-1,0,-1,0,-1,0,0,0,0,2,0.5,0.5,0.3,0.0,0,0.0,0.0,0,0,0,10,4,2,0,0,0
Electrolyzer_34.0,34.0,0,0,2,0,0,1,45.0,0.0,1375704,0,0,478625,0,0,0,0,None,-1,0,-1,0,-1,0,0,0,0,2,1.0,1.0,0.2,0.0,0,0.0,0.0,0,0,0,0,1,1,0,0,0
Gas_storage_tank_34.0,34.0,0,0,0,1,1,1,0.0,0.0,0,131884,28584,0,0,1011,0,0,None,-1,0,-1,0,-1,0,0,0,0,0,1.0,1.0,0.0,0.1,1,0.0,0.71,0,1,1,0,0,0,0,0,0
Liquid_storage_tank_34.0,34.0,0,0,0,2,1,1,0.0,0.0,0,0,7721,0,0,9436,0,0,None,-1,0,-1,0,-1,0,0,0,0,0,1.0,1.0,0.0,0.05,1,1.25e-05,0.0,0,1,1,0,0,0,0,0,0
Liquifier_w_terminal_34.0,34.0,0,2,0,0,0,1,9.0,0.0,4737113,0,0,3281810,0,0,0,0,None,-1,0,-1,0,-1,0,0,0,0,2,0.5,0.5,0.2,0.0,0,0.0,0.0,0,0,0,0,12,6,0,0,0
SMR_34.0,34.0,0,0,2,0,0,1,0.0,166.68,1790918,0,0,1314963,0,0,0,0,ng,-1,0,-1,0,-1,0,0,0,0,2,0.5,0.5,0.3,0.0,0,0.0,0.0,0,0,0,10,4,2,0,0,0
Electrolyzer_35.0,35.0,0,0,2,0,0,1,45.0,0.0,1375704,0,0,478625,0,0,0,0,None,-1,0,-1,0,-1,0,0,0,0,2,1.0,1.0,0.2,0.0,0,0.0,0.0,0,0,0,0,1,1,0,0,0
Gas_storage_tank_35.0,35.0,0,0,0,1,1,1,0.0,0.0,0,131884,28584,0,0,1011,0,0,None,-1,0,-1,0,-1,0,0,0,0,0,1.0,1.0,0.0,0.1,1,0.0,0.71,0,1,1,0,0,0,0,0,0
Liquid_storage_tank_35.0,35.0,0,0,0,2,1,1,0.0,0.0,0,0,7721,0,0,9436,0,0,None,-1,0,-1,0,-1,0,0,0,0,0,1.0,1.0,0.0,0.05,1,1.25e-05,0.0,0,1,1,0,0,0,0,0,0
Liquifier_w_terminal_35.0,35.0,0,2,0,0,0,1,9.0,0.0,4737113,0,0,3281810,0,0,0,0,None,-1,0,-1,0,-1,0,0,0,0,2,0.5,0.5,0.2,0.0,0,0.0,0.0,0,0,0,0,12,6,0,0,0
SMR_35.0,35.0,0,0,2,0,0,1,0.0,166.68,1790918,0,0,1314963,0,0,0,0,ng,-1,0,-1,0,-1,0,0,0,0,2,0.5,0.5,0.3,0.0,0,0.0,0.0,0,0,0,10,4,2,0,0,0
Electrolyzer_36.0,36.0,0,0,2,0,0,1,45.0,0.0,1375704,0,0,478625,0,0,0,0,None,-1,0,-1,0,-1,0,0,0,0,2,1.0,1.0,0.2,0.0,0,0.0,0.0,0,0,0,0,1,1,0,0,0
Gas_storage_tank_36.0,36.0,0,0,0,1,1,1,0.0,0.0,0,131884,28584,0,0,1011,0,0,None,-1,0,-1,0,-1,0,0,0,0,0,1.0,1.0,0.0,0.1,1,0.0,0.71,0,1,1,0,0,0,0,0,0
Liquid_storage_tank_36.0,36.0,0,0,0,2,1,1,0.0,0.0,0,0,7721,0,0,9436,0,0,None,-1,0,-1,0,-1,0,0,0,0,0,1.0,1.0,0.0,0.05,1,1.25e-05,0.0,0,1,1,0,0,0,0,0,0
Liquifier_w_terminal_36.0,36.0,0,2,0,0,0,1,9.0,0.0,4737113,0,0,3281810,0,0,0,0,None,-1,0,-1,0,-1,0,0,0,0,2,0.5,0.5,0.2,0.0,0,0.0,0.0,0,0,0,0,12,6,0,0,0
SMR_36.0,36.0,0,0,2,0,0,1,0.0,166.68,1790918,0,0,1314963,0,0,0,0,ng,-1,0,-1,0,-1,0,0,0,0,2,0.5,0.5,0.3,0.0,0,0.0,0.0,0,0,0,10,4,2,0,0,0
Electrolyzer_37.0,37.0,0,0,2,0,0,1,45.0,0.0,1375704,0,0,478625,0,0,0,0,None,-1,0,-1,0,-1,0,0,0,0,2,1.0,1.0,0.2,0.0,0,0.0,0.0,0,0,0,0,1,1,0,0,0
Gas_storage_tank_37.0,37.0,0,0,0,1,1,1,0.0,0.0,0,131884,28584,0,0,1011,0,0,None,-1,0,-1,0,-1,0,0,0,0,0,1.0,1.0,0.0,0.1,1,0.0,0.71,0,1,1,0,0,0,0,0,0
Liquid_storage_tank_37.0,37.0,0,0,0,2,1,1,0.0,0.0,0,0,7721,0,0,9436,0,0,None,-1,0,-1,0,-1,0,0,0,0,0,1.0,1.0,0.0,0.05,1,1.25e-05,0.0,0,1,1,0,0,0,0,0,0
Liquifier_w_terminal_37.0,37.0,0,2,0,0,0,1,9.0,0.0,4737113,0,0,3281810,0,0,0,0,None,-1,0,-1,0,-1,0,0,0,0,2,0.5,0.5,0.2,0.0,0,0.0,0.0,0,0,0,0,12,6,0,0,0
SMR_37.0,37.0,0,0,2,0,0,1,0.0,166.68,1790918,0,0,1314963,0,0,0,0,ng,-1,0,-1,0,-1,0,0,0,0,2,0.5,0.5,0.3,0.0,0,0.0,0.0,0,0,0,10,4,2,0,0,0
Electrolyzer_38.0,38.0,0,0,2,0,0,1,45.0,0.0,1375704,0,0,478625,0,0,0,0,None,-1,0,-1,0,-1,0,0,0,0,2,1.0,1.0,0.2,0.0,0,0.0,0.0,0,0,0,0,1,1,0,0,0
Gas_storage_tank_38.0,38.0,0,0,0,1,1,1,0.0,0.0,0,131884,28584,0,0,1011,0,0,None,-1,0,-1,0,-1,0,0,0,0,0,1.0,1.0,0.0,0.1,1,0.0,0.71,0,1,1,0,0,0,0,0,0
Liquid_storage_tank_38.0,38.0,0,0,0,2,1,1,0.0,0.0,0,0,7721,0,0,9436,0,0,None,-1,0,-1,0,-1,0,0,0,0,0,1.0,1.0,0.0,0.05,1,1.25e-05,0.0,0,1,1,0,0,0,0,0,0
Liquifier_w_terminal_38.0,38.0,0,2,0,0,0,1,9.0,0.0,4737113,0,0,3281810,0,0,0,0,None,-1,0,-1,0,-1,0,0,0,0,2,0.5,0.5,0.2,0.0,0,0.0,0.0,0,0,0,0,12,6,0,0,0
SMR_38.0,38.0,0,0,2,0,0,1,0.0,166.68,1790918,0,0,1314963,0,0,0,0,ng,-1,0,-1,0,-1,0,0,0,0,2,0.5,0.5,0.3,0.0,0,0.0,0.0,0,0,0,10,4,2,0,0,0
Electrolyzer_39.0,39.0,0,0,2,0,0,1,45.0,0.0,1375704,0,0,478625,0,0,0,0,None,-1,0,-1,0,-1,0,0,0,0,2,1.0,1.0,0.2,0.0,0,0.0,0.0,0,0,0,0,1,1,0,0,0
Gas_storage_tank_39.0,39.0,0,0,0,1,1,1,0.0,0.0,0,131884,28584,0,0,1011,0,0,None,-1,0,-1,0,-1,0,0,0,0,0,1.0,1.0,0.0,0.1,1,0.0,0.71,0,1,1,0,0,0,0,0,0
Liquid_storage_tank_39.0,39.0,0,0,0,2,1,1,0.0,0.0,0,0,7721,0,0,9436,0,0,None,-1,0,-1,0,-1,0,0,0,0,0,1.0,1.0,0.0,0.05,1,1.25e-05,0.0,0,1,1,0,0,0,0,0,0
Liquifier_w_terminal_39.0,39.0,0,2,0,0,0,1,9.0,0.0,4737113,0,0,3281810,0,0,0,0,None,-1,0,-1,0,-1,0,0,0,0,2,0.5,0.5,0.2,0.0,0,0.0,0.0,0,0,0,0,12,6,0,0,0
SMR_39.0,39.0,0,0,2,0,0,1,0.0,166.68,1790918,0,0,1314963,0,0,0,0,ng,-1,0,-1,0,-1,0,0,0,0,2,0.5,0.5,0.3,0.0,0,0.0,0.0,0,0,0,10,4,2,0,0,0
Electrolyzer_40.0,40.0,0,0,2,0,0,1,45.0,0.0,1375704,0,0,478625,0,0,0,0,None,-1,0,-1,0,-1,0,0,0,0,2,1.0,1.0,0.2,0.0,0,0.0,0.0,0,0,0,0,1,1,0,0,0
Gas_storage_tank_40.0,40.0,0,0,0,1,1,1,0.0,0.0,0,131884,28584,0,0,1011,0,0,None,-1,0,-1,0,-1,0,0,0,0,0,1.0,1.0,0.0,0.1,1,0.0,0.71,0,1,1,0,0,0,0,0,0
Liquid_storage_tank_40.0,40.0,0,0,0,2,1,1,0.0,0.0,0,0,7721,0,0,9436,0,0,None,-1,0,-1,0,-1,0,0,0,0,0,1.0,1.0,0.0,0.05,1,1.25e-05,0.0,0,1,1,0,0,0,0,0,0
Liquifier_w_terminal_40.0,40.0,0,2,0,0,0,1,9.0,0.0,4737113,0,0,3281810,0,0,0,0,None,-1,0,-1,0,-1,0,0,0,0,2,0.5,0.5,0.2,0.0,0,0.0,0.0,0,0,0,0,12,6,0,0,0
SMR_40.0,40.0,0,0,2,0,0,1,0.0,166.68,1790918,0,0,1314963,0,0,0,0,ng,-1,0,-1,0,-1,0,0,0,0,2,0.5,0.5,0.3,0.0,0,0.0,0.0,0,0,0,10,4,2,0,0,0
Electrolyzer_41.0,41.0,0,0,2,0,0,1,45.0,0.0,1375704,0,0,478625,0,0,0,0,None,-1,0,-1,0,-1,0,0,0,0,2,1.0,1.0,0.2,0.0,0,0.0,0.0,0,0,0,0,1,1,0,0,0
Gas_storage_tank_41.0,41.0,0,0,0,1,1,1,0.0,0.0,0,131884,28584,0,0,1011,0,0,None,-1,0,-1,0,-1,0,0,0,0,0,1.0,1.0,0.0,0.1,1,0.0,0.71,0,1,1,0,0,0,0,0,0
Liquid_storage_tank_41.0,41.0,0,0,0,2,1,1,0.0,0.0,0,0,7721,0,0,9436,0,0,None,-1,0,-1,0,-1,0,0,0,0,0,1.0,1.0,0.0,0.05,1,1.25e-05,0.0,0,1,1,0,0,0,0,0,0
Liquifier_w_terminal_41.0,41.0,0,2,0,0,0,1,9.0,0.0,4737113,0,0,3281810,0,0,0,0,None,-1,0,-1,0,-1,0,0,0,0,2,0.5,0.5,0.2,0.0,0,0.0,0.0,0,0,0,0,12,6,0,0,0
SMR_41.0,41.0,0,0,2,0,0,1,0.0,166.68,1790918,0,0,1314963,0,0,0,0,ng,-1,0,-1,0,-1,0,0,0,0,2,0.5,0.5,0.3,0.0,0,0.0,0.0,0,0,0,10,4,2,0,0,0
Electrolyzer_42.0,42.0,0,0,2,0,0,1,45.0,0.0,1375704,0,0,478625,0,0,0,0,None,-1,0,-1,0,-1,0,0,0,0,2,1.0,1.0,0.2,0.0,0,0.0,0.0,0,0,0,0,1,1,0,0,0
Gas_storage_tank_42.0,42.0,0,0,0,1,1,1,0.0,0.0,0,131884,28584,0,0,1011,0,0,None,-1,0,-1,0,-1,0,0,0,0,0,1.0,1.0,0.0,0.1,1,0.0,0.71,0,1,1,0,0,0,0,0,0
Liquid_storage_tank_42.0,42.0,0,0,0,2,1,1,0.0,0.0,0,0,7721,0,0,9436,0,0,None,-1,0,-1,0,-1,0,0,0,0,0,1.0,1.0,0.0,0.05,1,1.25e-05,0.0,0,1,1,0,0,0,0,0,0
Liquifier_w_terminal_42.0,42.0,0,2,0,0,0,1,9.0,0.0,4737113,0,0,3281810,0,0,0,0,None,-1,0,-1,0,-1,0,0,0,0,2,0.5,0.5,0.2,0.0,0,0.0,0.0,0,0,0,0,12,6,0,0,0
SMR_42.0,42.0,0,0,2,0,0,1,0.0,166.68,1790918,0,0,1314963,0,0,0,0,ng,-1,0,-1,0,-1,0,0,0,0,2,0.5,0.5,0.3,0.0,0,0.0,0.0,0,0,0,10,4,2,0,0,0
Electrolyzer_43.0,43.0,0,0,2,0,0,1,45.0,0.0,1375704,0,0,478625,0,0,0,0,None,-1,0,-1,0,-1,0,0,0,0,2,1.0,1.0,0.2,0.0,0,0.0,0.0,0,0,0,0,1,1,0,0,0
Gas_storage_tank_43.0,43.0,0,0,0,1,1,1,0.0,0.0,0,131884,28584,0,0,1011,0,0,None,-1,0,-1,0,-1,0,0,0,0,0,1.0,1.0,0.0,0.1,1,0.0,0.71,0,1,1,0,0,0,0,0,0
Liquid_storage_tank_43.0,43.0,0,0,0,2,1,1,0.0,0.0,0,0,7721,0,0,9436,0,0,None,-1,0,-1,0,-1,0,0,0,0,0,1.0,1.0,0.0,0.05,1,1.25e-05,0.0,0,1,1,0,0,0,0,0,0
Liquifier_w_terminal_43.0,43.0,0,2,0,0,0,1,9.0,0.0,4737113,0,0,3281810,0,0,0,0,None,-1,0,-1,0,-1,0,0,0,0,2,0.5,0.5,0.2,0.0,0,0.0,0.0,0,0,0,0,12,6,0,0,0
SMR_43.0,43.0,0,0,2,0,0,1,0.0,166.68,1790918,0,0,1314963,0,0,0,0,ng,-1,0,-1,0,-1,0,0,0,0,2,0.5,0.5,0.3,0.0,0,0.0,0.0,0,0,0,10,4,2,0,0,0
Electrolyzer_44.0,44.0,0,0,2,0,0,1,45.0,0.0,1375704,0,0,478625,0,0,0,0,None,-1,0,-1,0,-1,0,0,0,0,2,1.0,1.0,0.2,0.0,0,0.0,0.0,0,0,0,0,1,1,0,0,0
Gas_storage_tank_44.0,44.0,0,0,0,1,1,1,0.0,0.0,0,131884,28584,0,0,1011,0,0,None,-1,0,-1,0,-1,0,0,0,0,0,1.0,1.0,0.0,0.1,1,0.0,0.71,0,1,1,0,0,0,0,0,0
Liquid_storage_tank_44.0,44.0,0,0,0,2,1,1,0.0,0.0,0,0,7721,0,0,9436,0,0,None,-1,0,-1,0,-1,0,0,0,0,0,1.0,1.0,0.0,0.05,1,1.25e-05,0.0,0,1,1,0,0,0,0,0,0
Liquifier_w_terminal_44.0,44.0,0,2,0,0,0,1,9.0,0.0,4737113,0,0,3281810,0,0,0,0,None,-1,0,-1,0,-1,0,0,0,0,2,0.5,0.5,0.2,0.0,0,0.0,0.0,0,0,0,0,12,6,0,0,0
SMR_44.0,44.0,0,0,2,0,0,1,0.0,166.68,1790918,0,0,1314963,0,0,0,0,ng,-1,0,-1,0,-1,0,0,0,0,2,0.5,0.5,0.3,0.0,0,0.0,0.0,0,0,0,10,4,2,0,0,0
Electrolyzer_45.0,45.0,0,0,2,0,0,1,45.0,0.0,1375704,0,0,478625,0,0,0,0,None,-1,0,-1,0,-1,0,0,0,0,2,1.0,1.0,0.2,0.0,0,0.0,0.0,0,0,0,0,1,1,0,0,0
Gas_storage_tank_45.0,45.0,0,0,0,1,1,1,0.0,0.0,0,131884,28584,0,0,1011,0,0,None,-1,0,-1,0,-1,0,0,0,0,0,1.0,1.0,0.0,0.1,1,0.0,0.71,0,1,1,0,0,0,0,0,0
Liquid_storage_tank_45.0,45.0,0,0,0,2,1,1,0.0,0.0,0,0,7721,0,0,9436,0,0,None,-1,0,-1,0,-1,0,0,0,0,0,1.0,1.0,0.0,0.05,1,1.25e-05,0.0,0,1,1,0,0,0,0,0,0
Liquifier_w_terminal_45.0,45.0,0,2,0,0,0,1,9.0,0.0,4737113,0,0,3281810,0,0,0,0,None,-1,0,-1,0,-1,0,0,0,0,2,0.5,0.5,0.2,0.0,0,0.0,0.0,0,0,0,0,12,6,0,0,0
SMR_45.0,45.0,0,0,2,0,0,1,0.0,166.68,1790918,0,0,1314963,0,0,0,0,ng,-1,0,-1,0,-1,0,0,0,0,2,0.5,0.5,0.3,0.0,0,0.0,0.0,0,0,0,10,4,2,0,0,0
Electrolyzer_46.0,46.0,0,0,2,0,0,1,45.0,0.0,1375704,0,0,478625,0,0,0,0,None,-1,0,-1,0,-1,0,0,0,0,2,1.0,1.0,0.2,0.0,0,0.0,0.0,0,0,0,0,1,1,0,0,0
Gas_storage_tank_46.0,46.0,0,0,0,1,1,1,0.0,0.0,0,131884,28584,0,0,1011,0,0,None,-1,0,-1,0,-1,0,0,0,0,0,1.0,1.0,0.0,0.1,1,0.0,0.71,0,1,1,0,0,0,0,0,0
Liquid_storage_tank_46.0,46.0,0,0,0,2,1,1,0.0,0.0,0,0,7721,0,0,9436,0,0,None,-1,0,-1,0,-1,0,0,0,0,0,1.0,1.0,0.0,0.05,1,1.25e-05,0.0,0,1,1,0,0,0,0,0,0
Liquifier_w_terminal_46.0,46.0,0,2,0,0,0,1,9.0,0.0,4737113,0,0,3281810,0,0,0,0,None,-1,0,-1,0,-1,0,0,0,0,2,0.5,0.5,0.2,0.0,0,0.0,0.0,0,0,0,0,12,6,0,0,0
SMR_46.0,46.0,0,0,2,0,0,1,0.0,166.68,1790918,0,0,1314963,0,0,0,0,ng,-1,0,-1,0,-1,0,0,0,0,2,0.5,0.5,0.3,0.0,0,0.0,0.0,0,0,0,10,4,2,0,0,0
Electrolyzer_47.0,47.0,0,0,2,0,0,1,45.0,0.0,1375704,0,0,478625,0,0,0,0,None,-1,0,-1,0,-1,0,0,0,0,2,1.0,1.0,0.2,0.0,0,0.0,0.0,0,0,0,0,1,1,0,0,0
Gas_storage_tank_47.0,47.0,0,0,0,1,1,1,0.0,0.0,0,131884,28584,0,0,1011,0,0,None,-1,0,-1,0,-1,0,0,0,0,0,1.0,1.0,0.0,0.1,1,0.0,0.71,0,1,1,0,0,0,0,0,0
Liquid_storage_tank_47.0,47.0,0,0,0,2,1,1,0.0,0.0,0,0,7721,0,0,9436,0,0,None,-1,0,-1,0,-1,0,0,0,0,0,1.0,1.0,0.0,0.05,1,1.25e-05,0.0,0,1,1,0,0,0,0,0,0
Liquifier_w_terminal_47.0,47.0,0,2,0,0,0,1,9.0,0.0,4737113,0,0,3281810,0,0,0,0,None,-1,0,-1,0,-1,0,0,0,0,2,0.5,0.5,0.2,0.0,0,0.0,0.0,0,0,0,0,12,6,0,0,0
SMR_47.0,47.0,0,0,2,0,0,1,0.0,166.68,1790918,0,0,1314963,0,0,0,0,ng,-1,0,-1,0,-1,0,0,0,0,2,0.5,0.5,0.3,0.0,0,0.0,0.0,0,0,0,10,4,2,0,0,0
Electrolyzer_48.0,48.0,0,0,2,0,0,1,45.0,0.0,1375704,0,0,478625,0,0,0,0,None,-1,0,-1,0,-1,0,0,0,0,2,1.0,1.0,0.2,0.0,0,0.0,0.0,0,0,0,0,1,1,0,0,0
Gas_storage_tank_48.0,48.0,0,0,0,1,1,1,0.0,0.0,0,131884,28584,0,0,1011,0,0,None,-1,0,-1,0,-1,0,0,0,0,0,1.0,1.0,0.0,0.1,1,0.0,0.71,0,1,1,0,0,0,0,0,0
Liquid_storage_tank_48.0,48.0,0,0,0,2,1,1,0.0,0.0,0,0,7721,0,0,9436,0,0,None,-1,0,-1,0,-1,0,0,0,0,0,1.0,1.0,0.0,0.05,1,1.25e-05,0.0,0,1,1,0,0,0,0,0,0
Liquifier_w_terminal_48.0,48.0,0,2,0,0,0,1,9.0,0.0,4737113,0,0,3281810,0,0,0,0,None,-1,0,-1,0,-1,0,0,0,0,2,0.5,0.5,0.2,0.0,0,0.0,0.0,0,0,0,0,12,6,0,0,0
SMR_48.0,48.0,0,0,2,0,0,1,0.0,166.68,1790918,0,0,1314963,0,0,0,0,ng,-1,0,-1,0,-1,0,0,0,0,2,0.5,0.5,0.3,0.0,0,0.0,0.0,0,0,0,10,4,2,0,0,0
Electrolyzer_49.0,49.0,0,0,2,0,0,1,45.0,0.0,1375704,0,0,478625,0,0,0,0,None,-1,0,-1,0,-1,0,0,0,0,2,1.0,1.0,0.2,0.0,0,0.0,0.0,0,0,0,0,1,1,0,0,0
Gas_storage_tank_49.0,49.0,0,0,0,1,1,1,0.0,0.0,0,131884,28584,0,0,1011,0,0,None,-1,0,-1,0,-1,0,0,0,0,0,1.0,1.0,0.0,0.1,1,0.0,0.71,0,1,1,0,0,0,0,0,0
Liquid_storage_tank_49.0,49.0,0,0,0,2,1,1,0.0,0.0,0,0,7721,0,0,9436,0,0,None,-1,0,-1,0,-1,0,0,0,0,0,1.0,1.0,0.0,0.05,1,1.25e-05,0.0,0,1,1,0,0,0,0,0,0
Liquifier_w_terminal_49.0,49.0,0,2,0,0,0,1,9.0,0.0,4737113,0,0,3281810,0,0,0,0,None,-1,0,-1,0,-1,0,0,0,0,2,0.5,0.5,0.2,0.0,0,0.0,0.0,0,0,0,0,12,6,0,0,0
SMR_49.0,49.0,0,0,2,0,0,1,0.0,166.68,1790918,0,0,1314963,0,0,0,0,ng,-1,0,-1,0,-1,0,0,0,0,2,0.5,0.5,0.3,0.0,0,0.0,0.0,0,0,0,10,4,2,0,0,0
Electrolyzer_50.0,50.0,0,0,2,0,0,1,45.0,0.0,1375704,0,0,478625,0,0,0,0,None,-1,0,-1,0,-1,0,0,0,0,2,1.0,1.0,0.2,0.0,0,0.0,0.0,0,0,0,0,1,1,0,0,0
Gas_storage_tank_50.0,50.0,0,0,0,1,1,1,0.0,0.0,0,131884,28584,0,0,1011,0,0,None,-1,0,-1,0,-1,0,0,0,0,0,1.0,1.0,0.0,0.1,1,0.0,0.71,0,1,1,0,0,0,0,0,0
Liquid_storage_tank_50.0,50.0,0,0,0,2,1,1,0.0,0.0,0,0,7721,0,0,9436,0,0,None,-1,0,-1,0,-1,0,0,0,0,0,1.0,1.0,0.0,0.05,1,1.25e-05,0.0,0,1,1,0,0,0,0,0,0
Liquifier_w_terminal_50.0,50.0,0,2,0,0,0,1,9.0,0.0,4737113,0,0,3281810,0,0,0,0,None,-1,0,-1,0,-1,0,0,0,0,2,0.5,0.5,0.2,0.0,0,0.0,0.0,0,0,0,0,12,6,0,0,0
SMR_50.0,50.0,0,0,2,0,0,1,0.0,166.68,1790918,0,0,1314963,0,0,0,0,ng,-1,0,-1,0,-1,0,0,0,0,2,0.5,0.5,0.3,0.0,0,0.0,0.0,0,0,0,10,4,2,0,0,0
Electrolyzer_51.0,51.0,0,0,2,0,0,1,45.0,0.0,1375704,0,0,478625,0,0,0,0,None,-1,0,-1,0,-1,0,0,0,0,2,1.0,1.0,0.2,0.0,0,0.0,0.0,0,0,0,0,1,1,0,0,0
Gas_storage_tank_51.0,51.0,0,0,0,1,1,1,0.0,0.0,0,131884,28584,0,0,1011,0,0,None,-1,0,-1,0,-1,0,0,0,0,0,1.0,1.0,0.0,0.1,1,0.0,0.71,0,1,1,0,0,0,0,0,0
Liquid_storage_tank_51.0,51.0,0,0,0,2,1,1,0.0,0.0,0,0,7721,0,0,9436,0,0,None,-1,0,-1,0,-1,0,0,0,0,0,1.0,1.0,0.0,0.05,1,1.25e-05,0.0,0,1,1,0,0,0,0,0,0
Liquifier_w_terminal_51.0,51.0,0,2,0,0,0,1,9.0,0.0,4737113,0,0,3281810,0,0,0,0,None,-1,0,-1,0,-1,0,0,0,0,2,0.5,0.5,0.2,0.0,0,0.0,0.0,0,0,0,0,12,6,0,0,0
SMR_51.0,51.0,0,0,2,0,0,1,0.0,166.68,1790918,0,0,1314963,0,0,0,0,ng,-1,0,-1,0,-1,0,0,0,0,2,0.5,0.5,0.3,0.0,0,0.0,0.0,0,0,0,10,4,2,0,0,0
Electrolyzer_52.0,52.0,0,0,2,0,0,1,45.0,0.0,1375704,0,0,478625,0,0,0,0,None,-1,0,-1,0,-1,0,0,0,0,2,1.0,1.0,0.2,0.0,0,0.0,0.0,0,0,0,0,1,1,0,0,0
Gas_storage_tank_52.0,52.0,0,0,0,1,1,1,0.0,0.0,0,131884,28584,0,0,1011,0,0,None,-1,0,-1,0,-1,0,0,0,0,0,1.0,1.0,0.0,0.1,1,0.0,0.71,0,1,1,0,0,0,0,0,0
Liquid_storage_tank_52.0,52.0,0,0,0,2,1,1,0.0,0.0,0,0,7721,0,0,9436,0,0,None,-1,0,-1,0,-1,0,0,0,0,0,1.0,1.0,0.0,0.05,1,1.25e-05,0.0,0,1,1,0,0,0,0,0,0
Liquifier_w_terminal_52.0,52.0,0,2,0,0,0,1,9.0,0.0,4737113,0,0,3281810,0,0,0,0,None,-1,0,-1,0,-1,0,0,0,0,2,0.5,0.5,0.2,0.0,0,0.0,0.0,0,0,0,0,12,6,0,0,0
SMR_52.0,52.0,0,0,2,0,0,1,0.0,166.68,1790918,0,0,1314963,0,0,0,0,ng,-1,0,-1,0,-1,0,0,0,0,2,0.5,0.5,0.3,0.0,0,0.0,0.0,0,0,0,10,4,2,0,0,0
Electrolyzer_53.0,53.0,0,0,2,0,0,1,45.0,0.0,1375704,0,0,478625,0,0,0,0,None,-1,0,-1,0,-1,0,0,0,0,2,1.0,1.0,0.2,0.0,0,0.0,0.0,0,0,0,0,1,1,0,0,0
Gas_storage_tank_53.0,53.0,0,0,0,1,1,1,0.0,0.0,0,131884,28584,0,0,1011,0,0,None,-1,0,-1,0,-1,0,0,0,0,0,1.0,1.0,0.0,0.1,1,0.0,0.71,0,1,1,0,0,0,0,0,0
Liquid_storage_tank_53.0,53.0,0,0,0,2,1,1,0.0,0.0,0,0,7721,0,0,9436,0,0,None,-1,0,-1,0,-1,0,0,0,0,0,1.0,1.0,0.0,0.05,1,1.25e-05,0.0,0,1,1,0,0,0,0,0,0
Liquifier_w_terminal_53.0,53.0,0,2,0,0,0,1,9.0,0.0,4737113,0,0,3281810,0,0,0,0,None,-1,0,-1,0,-1,0,0,0,0,2,0.5,0.5,0.2,0.0,0,0.0,0.0,0,0,0,0,12,6,0,0,0
SMR_53.0,53.0,0,0,2,0,0,1,0.0,166.68,1790918,0,0,1314963,0,0,0,0,ng,-1,0,-1,0,-1,0,0,0,0,2,0.5,0.5,0.3,0.0,0,0.0,0.0,0,0,0,10,4,2,0,0,0
Electrolyzer_54.0,54.0,0,0,2,0,0,1,45.0,0.0,1375704,0,0,478625,0,0,0,0,None,-1,0,-1,0,-1,0,0,0,0,2,1.0,1.0,0.2,0.0,0,0.0,0.0,0,0,0,0,1,1,0,0,0
Gas_storage_tank_54.0,54.0,0,0,0,1,1,1,0.0,0.0,0,131884,28584,0,0,1011,0,0,None,-1,0,-1,0,-1,0,0,0,0,0,1.0,1.0,0.0,0.1,1,0.0,0.71,0,1,1,0,0,0,0,0,0
Liquid_storage_tank_54.0,54.0,0,0,0,2,1,1,0.0,0.0,0,0,7721,0,0,9436,0,0,None,-1,0,-1,0,-1,0,0,0,0,0,1.0,1.0,0.0,0.05,1,1.25e-05,0.0,0,1,1,0,0,0,0,0,0
Liquifier_w_terminal_54.0,54.0,0,2,0,0,0,1,9.0,0.0,4737113,0,0,3281810,0,0,0,0,None,-1,0,-1,0,-1,0,0,0,0,2,0.5,0.5,0.2,0.0,0,0.0,0.0,0,0,0,0,12,6,0,0,0
SMR_54.0,54.0,0,0,2,0,0,1,0.0,166.68,1790918,0,0,1314963,0,0,0,0,ng,-1,0,-1,0,-1,0,0,0,0,2,0.5,0.5,0.3,0.0,0,0.0,0.0,0,0,0,10,4,2,0,0,0
Electrolyzer_55.0,55.0,0,0,2,0,0,1,45.0,0.0,1375704,0,0,478625,0,0,0,0,None,-1,0,-1,0,-1,0,0,0,0,2,1.0,1.0,0.2,0.0,0,0.0,0.0,0,0,0,0,1,1,0,0,0
Gas_storage_tank_55.0,55.0,0,0,0,1,1,1,0.0,0.0,0,131884,28584,0,0,1011,0,0,None,-1,0,-1,0,-1,0,0,0,0,0,1.0,1.0,0.0,0.1,1,0.0,0.71,0,1,1,0,0,0,0,0,0
Liquid_storage_tank_55.0,55.0,0,0,0,2,1,1,0.0,0.0,0,0,7721,0,0,9436,0,0,None,-1,0,-1,0,-1,0,0,0,0,0,1.0,1.0,0.0,0.05,1,1.25e-05,0.0,0,1,1,0,0,0,0,0,0
Liquifier_w_terminal_55.0,55.0,0,2,0,0,0,1,9.0,0.0,4737113,0,0,3281810,0,0,0,0,None,-1,0,-1,0,-1,0,0,0,0,2,0.5,0.5,0.2,0.0,0,0.0,0.0,0,0,0,0,12,6,0,0,0
SMR_55.0,55.0,0,0,2,0,0,1,0.0,166.68,1790918,0,0,1314963,0,0,0,0,ng,-1,0,-1,0,-1,0,0,0,0,2,0.5,0.5,0.3,0.0,0,0.0,0.0,0,0,0,10,4,2,0,0,0
Electrolyzer_56.0,56.0,0,0,2,0,0,1,45.0,0.0,1375704,0,0,478625,0,0,0,0,None,-1,0,-1,0,-1,0,0,0,0,2,1.0,1.0,0.2,0.0,0,0.0,0.0,0,0,0,0,1,1,0,0,0
Gas_storage_tank_56.0,56.0,0,0,0,1,1,1,0.0,0.0,0,131884,28584,0,0,1011,0,0,None,-1,0,-1,0,-1,0,0,0,0,0,1.0,1.0,0.0,0.1,1,0.0,0.71,0,1,1,0,0,0,0,0,0
Liquid_storage_tank_56.0,56.0,0,0,0,2,1,1,0.0,0.0,0,0,7721,0,0,9436,0,0,None,-1,0,-1,0,-1,0,0,0,0,0,1.0,1.0,0.0,0.05,1,1.25e-05,0.0,0,1,1,0,0,0,0,0,0
Liquifier_w_terminal_56.0,56.0,0,2,0,0,0,1,9.0,0.0,4737113,0,0,3281810,0,0,0,0,None,-1,0,-1,0,-1,0,0,0,0,2,0.5,0.5,0.2,0.0,0,0.0,0.0,0,0,0,0,12,6,0,0,0
SMR_56.0,56.0,0,0,2,0,0,1,0.0,166.68,1790918,0,0,1314963,0,0,0,0,ng,-1,0,-1,0,-1,0,0,0,0,2,0.5,0.5,0.3,0.0,0,0.0,0.0,0,0,0,10,4,2,0,0,0
Electrolyzer_57.0,57.0,0,0,2,0,0,1,45.0,0.0,1375704,0,0,478625,0,0,0,0,None,-1,0,-1,0,-1,0,0,0,0,2,1.0,1.0,0.2,0.0,0,0.0,0.0,0,0,0,0,1,1,0,0,0
Gas_storage_tank_57.0,57.0,0,0,0,1,1,1,0.0,0.0,0,131884,28584,0,0,1011,0,0,None,-1,0,-1,0,-1,0,0,0,0,0,1.0,1.0,0.0,0.1,1,0.0,0.71,0,1,1,0,0,0,0,0,0
Liquid_storage_tank_57.0,57.0,0,0,0,2,1,1,0.0,0.0,0,0,7721,0,0,9436,0,0,None,-1,0,-1,0,-1,0,0,0,0,0,1.0,1.0,0.0,0.05,1,1.25e-05,0.0,0,1,1,0,0,0,0,0,0
Liquifier_w_terminal_57.0,57.0,0,2,0,0,0,1,9.0,0.0,4737113,0,0,3281810,0,0,0,0,None,-1,0,-1,0,-1,0,0,0,0,2,0.5,0.5,0.2,0.0,0,0.0,0.0,0,0,0,0,12,6,0,0,0
SMR_57.0,57.0,0,0,2,0,0,1,0.0,166.68,1790918,0,0,1314963,0,0,0,0,ng,-1,0,-1,0,-1,0,0,0,0,2,0.5,0.5,0.3,0.0,0,0.0,0.0,0,0,0,10,4,2,0,0,0
Electrolyzer_58.0,58.0,0,0,2,0,0,1,45.0,0.0,1375704,0,0,478625,0,0,0,0,None,-1,0,-1,0,-1,0,0,0,0,2,1.0,1.0,0.2,0.0,0,0.0,0.0,0,0,0,0,1,1,0,0,0
Gas_storage_tank_58.0,58.0,0,0,0,1,1,1,0.0,0.0,0,131884,28584,0,0,1011,0,0,None,-1,0,-1,0,-1,0,0,0,0,0,1.0,1.0,0.0,0.1,1,0.0,0.71,0,1,1,0,0,0,0,0,0
Liquid_storage_tank_58.0,58.0,0,0,0,2,1,1,0.0,0.0,0,0,7721,0,0,9436,0,0,None,-1,0,-1,0,-1,0,0,0,0,0,1.0,1.0,0.0,0.05,1,1.25e-05,0.0,0,1,1,0,0,0,0,0,0
Liquifier_w_terminal_58.0,58.0,0,2,0,0,0,1,9.0,0.0,4737113,0,0,3281810,0,0,0,0,None,-1,0,-1,0,-1,0,0,0,0,2,0.5,0.5,0.2,0.0,0,0.0,0.0,0,0,0,0,12,6,0,0,0
SMR_58.0,58.0,0,0,2,0,0,1,0.0,166.68,1790918,0,0,1314963,0,0,0,0,ng,-1,0,-1,0,-1,0,0,0,0,2,0.5,0.5,0.3,0.0,0,0.0,0.0,0,0,0,10,4,2,0,0,0
Electrolyzer_59.0,59.0,0,0,2,0,0,1,45.0,0.0,1375704,0,0,478625,0,0,0,0,None,-1,0,-1,0,-1,0,0,0,0,2,1.0,1.0,0.2,0.0,0,0.0,0.0,0,0,0,0,1,1,0,0,0
Gas_storage_tank_59.0,59.0,0,0,0,1,1,1,0.0,0.0,0,131884,28584,0,0,1011,0,0,None,-1,0,-1,0,-1,0,0,0,0,0,1.0,1.0,0.0,0.1,1,0.0,0.71,0,1,1,0,0,0,0,0,0
Liquid_storage_tank_59.0,59.0,0,0,0,2,1,1,0.0,0.0,0,0,7721,0,0,9436,0,0,None,-1,0,-1,0,-1,0,0,0,0,0,1.0,1.0,0.0,0.05,1,1.25e-05,0.0,0,1,1,0,0,0,0,0,0
Liquifier_w_terminal_59.0,59.0,0,2,0,0,0,1,9.0,0.0,4737113,0,0,3281810,0,0,0,0,None,-1,0,-1,0,-1,0,0,0,0,2,0.5,0.5,0.2,0.0,0,0.0,0.0,0,0,0,0,12,6,0,0,0
SMR_59.0,59.0,0,0,2,0,0,1,0.0,166.68,1790918,0,0,1314963,0,0,0,0,ng,-1,0,-1,0,-1,0,0,0,0,2,0.5,0.5,0.3,0.0,0,0.0,0.0,0,0,0,10,4,2,0,0,0
Electrolyzer_60.0,60.0,0,0,2,0,0,1,45.0,0.0,1375704,0,0,478625,0,0,0,0,None,-1,0,-1,0,-1,0,0,0,0,2,1.0,1.0,0.2,0.0,0,0.0,0.0,0,0,0,0,1,1,0,0,0
Gas_storage_tank_60.0,60.0,0,0,0,1,1,1,0.0,0.0,0,131884,28584,0,0,1011,0,0,None,-1,0,-1,0,-1,0,0,0,0,0,1.0,1.0,0.0,0.1,1,0.0,0.71,0,1,1,0,0,0,0,0,0
Liquid_storage_tank_60.0,60.0,0,0,0,2,1,1,0.0,0.0,0,0,7721,0,0,9436,0,0,None,-1,0,-1,0,-1,0,0,0,0,0,1.0,1.0,0.0,0.05,1,1.25e-05,0.0,0,1,1,0,0,0,0,0,0
Liquifier_w_terminal_60.0,60.0,0,2,0,0,0,1,9.0,0.0,4737113,0,0,3281810,0,0,0,0,None,-1,0,-1,0,-1,0,0,0,0,2,0.5,0.5,0.2,0.0,0,0.0,0.0,0,0,0,0,12,6,0,0,0
SMR_60.0,60.0,0,0,2,0,0,1,0.0,166.68,1790918,0,0,1314963,0,0,0,0,ng,-1,0,-1,0,-1,0,0,0,0,2,0.5,0.5,0.3,0.0,0,0.0,0.0,0,0,0,10,4,2,0,0,0
Electrolyzer_61.0,61.0,0,0,2,0,0,1,45.0,0.0,1375704,0,0,478625,0,0,0,0,None,-1,0,-1,0,-1,0,0,0,0,2,1.0,1.0,0.2,0.0,0,0.0,0.0,0,0,0,0,1,1,0,0,0
Gas_storage_tank_61.0,61.0,0,0,0,1,1,1,0.0,0.0,0,131884,28584,0,0,1011,0,0,None,-1,0,-1,0,-1,0,0,0,0,0,1.0,1.0,0.0,0.1,1,0.0,0.71,0,1,1,0,0,0,0,0,0
Liquid_storage_tank_61.0,61.0,0,0,0,2,1,1,0.0,0.0,0,0,7721,0,0,9436,0,0,None,-1,0,-1,0,-1,0,0,0,0,0,1.0,1.0,0.0,0.05,1,1.25e-05,0.0,0,1,1,0,0,0,0,0,0
Liquifier_w_terminal_61.0,61.0,0,2,0,0,0,1,9.0,0.0,4737113,0,0,3281810,0,0,0,0,None,-1,0,-1,0,-1,0,0,0,0,2,0.5,0.5,0.2,0.0,0,0.0,0.0,0,0,0,0,12,6,0,0,0
SMR_61.0,61.0,0,0,2,0,0,1,0.0,166.68,1790918,0,0,1314963,0,0,0,0,ng,-1,0,-1,0,-1,0,0,0,0,2,0.5,0.5,0.3,0.0,0,0.0,0.0,0,0,0,10,4,2,0,0,0
Electrolyzer_62.0,62.0,0,0,2,0,0,1,45.0,0.0,1375704,0,0,478625,0,0,0,0,None,-1,0,-1,0,-1,0,0,0,0,2,1.0,1.0,0.2,0.0,0,0.0,0.0,0,0,0,0,1,1,0,0,0
Gas_storage_tank_62.0,62.0,0,0,0,1,1,1,0.0,0.0,0,131884,28584,0,0,1011,0,0,None,-1,0,-1,0,-1,0,0,0,0,0,1.0,1.0,0.0,0.1,1,0.0,0.71,0,1,1,0,0,0,0,0,0
Liquid_storage_tank_62.0,62.0,0,0,0,2,1,1,0.0,0.0,0,0,7721,0,0,9436,0,0,None,-1,0,-1,0,-1,0,0,0,0,0,1.0,1.0,0.0,0.05,1,1.25e-05,0.0,0,1,1,0,0,0,0,0,0
Liquifier_w_terminal_62.0,62.0,0,2,0,0,0,1,9.0,0.0,4737113,0,0,3281810,0,0,0,0,None,-1,0,-1,0,-1,0,0,0,0,2,0.5,0.5,0.2,0.0,0,0.0,0.0,0,0,0,0,12,6,0,0,0
SMR_62.0,62.0,0,0,2,0,0,1,0.0,166.68,1790918,0,0,1314963,0,0,0,0,ng,-1,0,-1,0,-1,0,0,0,0,2,0.5,0.5,0.3,0.0,0,0.0,0.0,0,0,0,10,4,2,0,0,0
Electrolyzer_63.0,63.0,0,0,2,0,0,1,45.0,0.0,1375704,0,0,478625,0,0,0,0,None,-1,0,-1,0,-1,0,0,0,0,2,1.0,1.0,0.2,0.0,0,0.0,0.0,0,0,0,0,1,1,0,0,0
Gas_storage_tank_63.0,63.0,0,0,0,1,1,1,0.0,0.0,0,131884,28584,0,0,1011,0,0,None,-1,0,-1,0,-1,0,0,0,0,0,1.0,1.0,0.0,0.1,1,0.0,0.71,0,1,1,0,0,0,0,0,0
Liquid_storage_tank_63.0,63.0,0,0,0,2,1,1,0.0,0.0,0,0,7721,0,0,9436,0,0,None,-1,0,-1,0,-1,0,0,0,0,0,1.0,1.0,0.0,0.05,1,1.25e-05,0.0,0,1,1,0,0,0,0,0,0
Liquifier_w_terminal_63.0,63.0,0,2,0,0,0,1,9.0,0.0,4737113,0,0,3281810,0,0,0,0,None,-1,0,-1,0,-1,0,0,0,0,2,0.5,0.5,0.2,0.0,0,0.0,0.0,0,0,0,0,12,6,0,0,0
SMR_63.0,63.0,0,0,2,0,0,1,0.0,166.68,1790918,0,0,1314963,0,0,0,0,ng,-1,0,-1,0,-1,0,0,0,0,2,0.5,0.5,0.3,0.0,0,0.0,0.0,0,0,0,10,4,2,0,0,0
Electrolyzer_64.0,64.0,0,0,2,0,0,1,45.0,0.0,1375704,0,0,478625,0,0,0,0,None,-1,0,-1,0,-1,0,0,0,0,2,1.0,1.0,0.2,0.0,0,0.0,0.0,0,0,0,0,1,1,0,0,0
Gas_storage_tank_64.0,64.0,0,0,0,1,1,1,0.0,0.0,0,131884,28584,0,0,1011,0,0,None,-1,0,-1,0,-1,0,0,0,0,0,1.0,1.0,0.0,0.1,1,0.0,0.71,0,1,1,0,0,0,0,0,0
Liquid_storage_tank_64.0,64.0,0,0,0,2,1,1,0.0,0.0,0,0,7721,0,0,9436,0,0,None,-1,0,-1,0,-1,0,0,0,0,0,1.0,1.0,0.0,0.05,1,1.25e-05,0.0,0,1,1,0,0,0,0,0,0
Liquifier_w_terminal_64.0,64.0,0,2,0,0,0,1,9.0,0.0,4737113,0,0,3281810,0,0,0,0,None,-1,0,-1,0,-1,0,0,0,0,2,0.5,0.5,0.2,0.0,0,0.0,0.0,0,0,0,0,12,6,0,0,0
SMR_64.0,64.0,0,0,2,0,0,1,0.0,166.68,1790918,0,0,1314963,0,0,0,0,ng,-1,0,-1,0,-1,0,0,0,0,2,0.5,0.5,0.3,0.0,0,0.0,0.0,0,0,0,10,4,2,0,0,0
Electrolyzer_65.0,65.0,0,0,2,0,0,1,45.0,0.0,1375704,0,0,478625,0,0,0,0,None,-1,0,-1,0,-1,0,0,0,0,2,1.0,1.0,0.2,0.0,0,0.0,0.0,0,0,0,0,1,1,0,0,0
Gas_storage_tank_65.0,65.0,0,0,0,1,1,1,0.0,0.0,0,131884,28584,0,0,1011,0,0,None,-1,0,-1,0,-1,0,0,0,0,0,1.0,1.0,0.0,0.1,1,0.0,0.71,0,1,1,0,0,0,0,0,0
Liquid_storage_tank_65.0,65.0,0,0,0,2,1,1,0.0,0.0,0,0,7721,0,0,9436,0,0,None,-1,0,-1,0,-1,0,0,0,0,0,1.0,1.0,0.0,0.05,1,1.25e-05,0.0,0,1,1,0,0,0,0,0,0
Liquifier_w_terminal_65.0,65.0,0,2,0,0,0,1,9.0,0.0,4737113,0,0,3281810,0,0,0,0,None,-1,0,-1,0,-1,0,0,0,0,2,0.5,0.5,0.2,0.0,0,0.0,0.0,0,0,0,0,12,6,0,0,0
SMR_65.0,65.0,0,0,2,0,0,1,0.0,166.68,1790918,0,0,1314963,0,0,0,0,ng,-1,0,-1,0,-1,0,0,0,0,2,0.5,0.5,0.3,0.0,0,0.0,0.0,0,0,0,10,4,2,0,0,0
Electrolyzer_66.0,66.0,0,0,2,0,0,1,45.0,0.0,1375704,0,0,478625,0,0,0,0,None,-1,0,-1,0,-1,0,0,0,0,2,1.0,1.0,0.2,0.0,0,0.0,0.0,0,0,0,0,1,1,0,0,0
Gas_storage_tank_66.0,66.0,0,0,0,1,1,1,0.0,0.0,0,131884,28584,0,0,1011,0,0,None,-1,0,-1,0,-1,0,0,0,0,0,1.0,1.0,0.0,0.1,1,0.0,0.71,0,1,1,0,0,0,0,0,0
Liquid_storage_tank_66.0,66.0,0,0,0,2,1,1,0.0,0.0,0,0,7721,0,0,9436,0,0,None,-1,0,-1,0,-1,0,0,0,0,0,1.0,1.0,0.0,0.05,1,1.25e-05,0.0,0,1,1,0,0,0,0,0,0
Liquifier_w_terminal_66.0,66.0,0,2,0,0,0,1,9.0,0.0,4737113,0,0,3281810,0,0,0,0,None,-1,0,-1,0,-1,0,0,0,0,2,0.5,0.5,0.2,0.0,0,0.0,0.0,0,0,0,0,12,6,0,0,0
SMR_66.0,66.0,0,0,2,0,0,1,0.0,166.68,1790918,0,0,1314963,0,0,0,0,ng,-1,0,-1,0,-1,0,0,0,0,2,0.5,0.5,0.3,0.0,0,0.0,0.0,0,0,0,10,4,2,0,0,0
Electrolyzer_67.0,67.0,0,0,2,0,0,1,45.0,0.0,1375704,0,0,478625,0,0,0,0,None,-1,0,-1,0,-1,0,0,0,0,2,1.0,1.0,0.2,0.0,0,0.0,0.0,0,0,0,0,1,1,0,0,0
Gas_storage_tank_67.0,67.0,0,0,0,1,1,1,0.0,0.0,0,131884,28584,0,0,1011,0,0,None,-1,0,-1,0,-1,0,0,0,0,0,1.0,1.0,0.0,0.1,1,0.0,0.71,0,1,1,0,0,0,0,0,0
Liquid_storage_tank_67.0,67.0,0,0,0,2,1,1,0.0,0.0,0,0,7721,0,0,9436,0,0,None,-1,0,-1,0,-1,0,0,0,0,0,1.0,1.0,0.0,0.05,1,1.25e-05,0.0,0,1,1,0,0,0,0,0,0
Liquifier_w_terminal_67.0,67.0,0,2,0,0,0,1,9.0,0.0,4737113,0,0,3281810,0,0,0,0,None,-1,0,-1,0,-1,0,0,0,0,2,0.5,0.5,0.2,0.0,0,0.0,0.0,0,0,0,0,12,6,0,0,0
SMR_67.0,67.0,0,0,2,0,0,1,0.0,166.68,1790918,0,0,1314963,0,0,0,0,ng,-1,0,-1,0,-1,0,0,0,0,2,0.5,0.5,0.3,0.0,0,0.0,0.0,0,0,0,10,4,2,0,0,0
Electrolyzer_68.0,68.0,0,0,2,0,0,1,45.0,0.0,1375704,0,0,478625,0,0,0,0,None,-1,0,-1,0,-1,0,0,0,0,2,1.0,1.0,0.2,0.0,0,0.0,0.0,0,0,0,0,1,1,0,0,0
Gas_storage_tank_68.0,68.0,0,0,0,1,1,1,0.0,0.0,0,131884,28584,0,0,1011,0,0,None,-1,0,-1,0,-1,0,0,0,0,0,1.0,1.0,0.0,0.1,1,0.0,0.71,0,1,1,0,0,0,0,0,0
Liquid_storage_tank_68.0,68.0,0,0,0,2,1,1,0.0,0.0,0,0,7721,0,0,9436,0,0,None,-1,0,-1,0,-1,0,0,0,0,0,1.0,1.0,0.0,0.05,1,1.25e-05,0.0,0,1,1,0,0,0,0,0,0
Liquifier_w_terminal_68.0,68.0,0,2,0,0,0,1,9.0,0.0,4737113,0,0,3281810,0,0,0,0,None,-1,0,-1,0,-1,0,0,0,0,2,0.5,0.5,0.2,0.0,0,0.0,0.0,0,0,0,0,12,6,0,0,0
SMR_68.0,68.0,0,0,2,0,0,1,0.0,166.68,1790918,0,0,1314963,0,0,0,0,ng,-1,0,-1,0,-1,0,0,0,0,2,0.5,0.5,0.3,0.0,0,0.0,0.0,0,0,0,10,4,2,0,0,0
Electrolyzer_69.0,69.0,0,0,2,0,0,1,45.0,0.0,1375704,0,0,478625,0,0,0,0,None,-1,0,-1,0,-1,0,0,0,0,2,1.0,1.0,0.2,0.0,0,0.0,0.0,0,0,0,0,1,1,0,0,0
Gas_storage_tank_69.0,69.0,0,0,0,1,1,1,0.0,0.0,0,131884,28584,0,0,1011,0,0,None,-1,0,-1,0,-1,0,0,0,0,0,1.0,1.0,0.0,0.1,1,0.0,0.71,0,1,1,0,0,0,0,0,0
Liquid_storage_tank_69.0,69.0,0,0,0,2,1,1,0.0,0.0,0,0,7721,0,0,9436,0,0,None,-1,0,-1,0,-1,0,0,0,0,0,1.0,1.0,0.0,0.05,1,1.25e-05,0.0,0,1,1,0,0,0,0,0,0
Liquifier_w_terminal_69.0,69.0,0,2,0,0,0,1,9.0,0.0,4737113,0,0,3281810,0,0,0,0,None,-1,0,-1,0,-1,0,0,0,0,2,0.5,0.5,0.2,0.0,0,0.0,0.0,0,0,0,0,12,6,0,0,0
SMR_69.0,69.0,0,0,2,0,0,1,0.0,166.68,1790918,0,0,1314963,0,0,0,0,ng,-1,0,-1,0,-1,0,0,0,0,2,0.5,0.5,0.3,0.0,0,0.0,0.0,0,0,0,10,4,2,0,0,0
Electrolyzer_70.0,70.0,0,0,2,0,0,1,45.0,0.0,1375704,0,0,478625,0,0,0,0,None,-1,0,-1,0,-1,0,0,0,0,2,1.0,1.0,0.2,0.0,0,0.0,0.0,0,0,0,0,1,1,0,0,0
Gas_storage_tank_70.0,70.0,0,0,0,1,1,1,0.0,0.0,0,131884,28584,0,0,1011,0,0,None,-1,0,-1,0,-1,0,0,0,0,0,1.0,1.0,0.0,0.1,1,0.0,0.71,0,1,1,0,0,0,0,0,0
Liquid_storage_tank_70.0,70.0,0,0,0,2,1,1,0.0,0.0,0,0,7721,0,0,9436,0,0,None,-1,0,-1,0,-1,0,0,0,0,0,1.0,1.0,0.0,0.05,1,1.25e-05,0.0,0,1,1,0,0,0,0,0,0
Liquifier_w_terminal_70.0,70.0,0,2,0,0,0,1,9.0,0.0,4737113,0,0,3281810,0,0,0,0,None,-1,0,-1,0,-1,0,0,0,0,2,0.5,0.5,0.2,0.0,0,0.0,0.0,0,0,0,0,12,6,0,0,0
SMR_70.0,70.0,0,0,2,0,0,1,0.0,166.68,1790918,0,0,1314963,0,0,0,0,ng,-1,0,-1,0,-1,0,0,0,0,2,0.5,0.5,0.3,0.0,0,0.0,0.0,0,0,0,10,4,2,0,0,0
Electrolyzer_71.0,71.0,0,0,2,0,0,1,45.0,0.0,1375704,0,0,478625,0,0,0,0,None,-1,0,-1,0,-1,0,0,0,0,2,1.0,1.0,0.2,0.0,0,0.0,0.0,0,0,0,0,1,1,0,0,0
Gas_storage_tank_71.0,71.0,0,0,0,1,1,1,0.0,0.0,0,131884,28584,0,0,1011,0,0,None,-1,0,-1,0,-1,0,0,0,0,0,1.0,1.0,0.0,0.1,1,0.0,0.71,0,1,1,0,0,0,0,0,0
Liquid_storage_tank_71.0,71.0,0,0,0,2,1,1,0.0,0.0,0,0,7721,0,0,9436,0,0,None,-1,0,-1,0,-1,0,0,0,0,0,1.0,1.0,0.0,0.05,1,1.25e-05,0.0,0,1,1,0,0,0,0,0,0
Liquifier_w_terminal_71.0,71.0,0,2,0,0,0,1,9.0,0.0,4737113,0,0,3281810,0,0,0,0,None,-1,0,-1,0,-1,0,0,0,0,2,0.5,0.5,0.2,0.0,0,0.0,0.0,0,0,0,0,12,6,0,0,0
SMR_71.0,71.0,0,0,2,0,0,1,0.0,166.68,1790918,0,0,1314963,0,0,0,0,ng,-1,0,-1,0,-1,0,0,0,0,2,0.5,0.5,0.3,0.0,0,0.0,0.0,0,0,0,10,4,2,0,0,0
Electrolyzer_72.0,72.0,0,0,2,0,0,1,45.0,0.0,1375704,0,0,478625,0,0,0,0,None,-1,0,-1,0,-1,0,0,0,0,2,1.0,1.0,0.2,0.0,0,0.0,0.0,0,0,0,0,1,1,0,0,0
Gas_storage_tank_72.0,72.0,0,0,0,1,1,1,0.0,0.0,0,131884,28584,0,0,1011,0,0,None,-1,0,-1,0,-1,0,0,0,0,0,1.0,1.0,0.0,0.1,1,0.0,0.71,0,1,1,0,0,0,0,0,0
Liquid_storage_tank_72.0,72.0,0,0,0,2,1,1,0.0,0.0,0,0,7721,0,0,9436,0,0,None,-1,0,-1,0,-1,0,0,0,0,0,1.0,1.0,0.0,0.05,1,1.25e-05,0.0,0,1,1,0,0,0,0,0,0
Liquifier_w_terminal_72.0,72.0,0,2,0,0,0,1,9.0,0.0,4737113,0,0,3281810,0,0,0,0,None,-1,0,-1,0,-1,0,0,0,0,2,0.5,0.5,0.2,0.0,0,0.0,0.0,0,0,0,0,12,6,0,0,0
SMR_72.0,72.0,0,0,2,0,0,1,0.0,166.68,1790918,0,0,1314963,0,0,0,0,ng,-1,0,-1,0,-1,0,0,0,0,2,0.5,0.5,0.3,0.0,0,0.0,0.0,0,0,0,10,4,2,0,0,0
Electrolyzer_73.0,73.0,0,0,2,0,0,1,45.0,0.0,1375704,0,0,478625,0,0,0,0,None,-1,0,-1,0,-1,0,0,0,0,2,1.0,1.0,0.2,0.0,0,0.0,0.0,0,0,0,0,1,1,0,0,0
Gas_storage_tank_73.0,73.0,0,0,0,1,1,1,0.0,0.0,0,131884,28584,0,0,1011,0,0,None,-1,0,-1,0,-1,0,0,0,0,0,1.0,1.0,0.0,0.1,1,0.0,0.71,0,1,1,0,0,0,0,0,0
Liquid_storage_tank_73.0,73.0,0,0,0,2,1,1,0.0,0.0,0,0,7721,0,0,9436,0,0,None,-1,0,-1,0,-1,0,0,0,0,0,1.0,1.0,0.0,0.05,1,1.25e-05,0.0,0,1,1,0,0,0,0,0,0
Liquifier_w_terminal_73.0,73.0,0,2,0,0,0,1,9.0,0.0,4737113,0,0,3281810,0,0,0,0,None,-1,0,-1,0,-1,0,0,0,0,2,0.5,0.5,0.2,0.0,0,0.0,0.0,0,0,0,0,12,6,0,0,0
SMR_73.0,73.0,0,0,2,0,0,1,0.0,166.68,1790918,0,0,1314963,0,0,0,0,ng,-1,0,-1,0,-1,0,0,0,0,2,0.5,0.5,0.3,0.0,0,0.0,0.0,0,0,0,10,4,2,0,0,0
Electrolyzer_74.0,74.0,0,0,2,0,0,1,45.0,0.0,1375704,0,0,478625,0,0,0,0,None,-1,0,-1,0,-1,0,0,0,0,2,1.0,1.0,0.2,0.0,0,0.0,0.0,0,0,0,0,1,1,0,0,0
Gas_storage_tank_74.0,74.0,0,0,0,1,1,1,0.0,0.0,0,131884,28584,0,0,1011,0,0,None,-1,0,-1,0,-1,0,0,0,0,0,1.0,1.0,0.0,0.1,1,0.0,0.71,0,1,1,0,0,0,0,0,0
Liquid_storage_tank_74.0,74.0,0,0,0,2,1,1,0.0,0.0,0,0,7721,0,0,9436,0,0,None,-1,0,-1,0,-1,0,0,0,0,0,1.0,1.0,0.0,0.05,1,1.25e-05,0.0,0,1,1,0,0,0,0,0,0
Liquifier_w_terminal_74.0,74.0,0,2,0,0,0,1,9.0,0.0,4737113,0,0,3281810,0,0,0,0,None,-1,0,-1,0,-1,0,0,0,0,2,0.5,0.5,0.2,0.0,0,0.0,0.0,0,0,0,0,12,6,0,0,0
SMR_74.0,74.0,0,0,2,0,0,1,0.0,166.68,1790918,0,0,1314963,0,0,0,0,ng,-1,0,-1,0,-1,0,0,0,0,2,0.5,0.5,0.3,0.0,0,0.0,0.0,0,0,0,10,4,2,0,0,0
Electrolyzer_75.0,75.0,0,0,2,0,0,1,45.0,0.0,1375704,0,0,478625,0,0,0,0,None,-1,0,-1,0,-1,0,0,0,0,2,1.0,1.0,0.2,0.0,0,0.0,0.0,0,0,0,0,1,1,0,0,0
Gas_storage_tank_75.0,75.0,0,0,0,1,1,1,0.0,0.0,0,131884,28584,0,0,1011,0,0,None,-1,0,-1,0,-1,0,0,0,0,0,1.0,1.0,0.0,0.1,1,0.0,0.71,0,1,1,0,0,0,0,0,0
Liquid_storage_tank_75.0,75.0,0,0,0,2,1,1,0.0,0.0,0,0,7721,0,0,9436,0,0,None,-1,0,-1,0,-1,0,0,0,0,0,1.0,1.0,0.0,0.05,1,1.25e-05,0.0,0,1,1,0,0,0,0,0,0
Liquifier_w_terminal_75.0,75.0,0,2,0,0,0,1,9.0,0.0,4737113,0,0,3281810,0,0,0,0,None,-1,0,-1,0,-1,0,0,0,0,2,0.5,0.5,0.2,0.0,0,0.0,0.0,0,0,0,0,12,6,0,0,0
SMR_75.0,75.0,0,0,2,0,0,1,0.0,166.68,1790918,0,0,1314963,0,0,0,0,ng,-1,0,-1,0,-1,0,0,0,0,2,0.5,0.5,0.3,0.0,0,0.0,0.0,0,0,0,10,4,2,0,0,0
Electrolyzer_76.0,76.0,0,0,2,0,0,1,45.0,0.0,1375704,0,0,478625,0,0,0,0,None,-1,0,-1,0,-1,0,0,0,0,2,1.0,1.0,0.2,0.0,0,0.0,0.0,0,0,0,0,1,1,0,0,0
Gas_storage_tank_76.0,76.0,0,0,0,1,1,1,0.0,0.0,0,131884,28584,0,0,1011,0,0,None,-1,0,-1,0,-1,0,0,0,0,0,1.0,1.0,0.0,0.1,1,0.0,0.71,0,1,1,0,0,0,0,0,0
Liquid_storage_tank_76.0,76.0,0,0,0,2,1,1,0.0,0.0,0,0,7721,0,0,9436,0,0,None,-1,0,-1,0,-1,0,0,0,0,0,1.0,1.0,0.0,0.05,1,1.25e-05,0.0,0,1,1,0,0,0,0,0,0
Liquifier_w_terminal_76.0,76.0,0,2,0,0,0,1,9.0,0.0,4737113,0,0,3281810,0,0,0,0,None,-1,0,-1,0,-1,0,0,0,0,2,0.5,0.5,0.2,0.0,0,0.0,0.0,0,0,0,0,12,6,0,0,0
SMR_76.0,76.0,0,0,2,0,0,1,0.0,166.68,1790918,0,0,1314963,0,0,0,0,ng,-1,0,-1,0,-1,0,0,0,0,2,0.5,0.5,0.3,0.0,0,0.0,0.0,0,0,0,10,4,2,0,0,0
ATR_wCCS_3.0,3.0,0,0,2,0,0,1,2.39,168.25,1815022,0,0,850633,0,0,0,0,ng-CCUS-94,-1,0,-1,0,-1,0,0,0,0,2,0.5,0.5,0.3,0.0,0,0.0,0.0,0,0,0,20,4,2,0,0,0
ATR_wCCS_9.0,9.0,0,0,2,0,0,1,2.39,168.25,1815022,0,0,850633,0,0,0,0,ng-CCUS-94,-1,0,-1,0,-1,0,0,0,0,2,0.5,0.5,0.3,0.0,0,0.0,0.0,0,0,0,20,4,2,0,0,0
ATR_wCCS_16.0,16.0,0,0,2,0,0,1,2.39,168.25,1815022,0,0,850633,0,0,0,0,ng-CCUS-94,-1,0,-1,0,-1,0,0,0,0,2,0.5,0.5,0.3,0.0,0,0.0,0.0,0,0,0,20,4,2,0,0,0
ATR_wCCS_33.0,33.0,0,0,2,0,0,1,2.39,168.25,1815022,0,0,850633,0,0,0,0,ng-CCUS-94,-1,0,-1,0,-1,0,0,0,0,2,0.5,0.5,0.3,0.0,0,0.0,0.0,0,0,0,20,4,2,0,0,0
ATR_wCCS_37.0,37.0,0,0,2,0,0,1,2.39,168.25,1815022,0,0,850633,0,0,0,0,ng-CCUS-94,-1,0,-1,0,-1,0,0,0,0,2,0.5,0.5,0.3,0.0,0,0.0,0.0,0,0,0,20,4,2,0,0,0
ATR_wCCS_43.0,43.0,0,0,2,0,0,1,2.39,168.25,1815022,0,0,850633,0,0,0,0,ng-CCUS-94,-1,0,-1,0,-1,0,0,0,0,2,0.5,0.5,0.3,0.0,0,0.0,0.0,0,0,0,20,4,2,0,0,0
ATR_wCCS_51.0,51.0,0,0,2,0,0,1,2.39,168.25,1815022,0,0,850633,0,0,0,0,ng-CCUS-94,-1,0,-1,0,-1,0,0,0,0,2,0.5,0.5,0.3,0.0,0,0.0,0.0,0,0,0,20,4,2,0,0,0
ATR_wCCS_57.0,57.0,0,0,2,0,0,1,2.39,168.25,1815022,0,0,850633,0,0,0,0,ng-CCUS-94,-1,0,-1,0,-1,0,0,0,0,2,0.5,0.5,0.3,0.0,0,0.0,0.0,0,0,0,20,4,2,0,0,0
ATR_wCCS_62.0,62.0,0,0,2,0,0,1,2.39,168.25,1815022,0,0,850633,0,0,0,0,ng-CCUS-94,-1,0,-1,0,-1,0,0,0,0,2,0.5,0.5,0.3,0.0,0,0.0,0.0,0,0,0,20,4,2,0,0,0
