Zone_name,Network_zones,Network_Lines,z1,z2,z3,z4,z5,z6,z7,z8,z9,z10,z11,z12,z13,z14,z15,z16,z17,z18,z19,z20,z21,z22,z23,z24,z25,z26,z27,z28,z29,z30,z31,z32,z33,z34,z35,z36,z37,z38,z39,z40,z41,z42,z43,z44,z45,z46,z47,z48,z49,z50,z51,z52,z53,z54,z55,z56,z57,z58,z59,z60,z61,z62,z63,z64,z65,z66,z67,z68,z69,z70,z71,z72,z73,z74,z75,z76,Line_Max_Flow_MW,transmission_path_name,distance_km,Line_Loss_Percentage,Line_Max_Reinforcement_MW,Line_Reinforcement_Cost_per_MWyr,DerateCapRes_1,CapRes_1,CapRes_Excl_1,bus0,bus1,bus0_x,bus0_y,bus1_x,bus1_y
DE1 0,z1,1,1,0,0,-1,0,0,0,0,0,0,0,0,0,0,0,0,0,0,0,0,0,0,0,0,0,0,0,0,0,0,0,0,0,0,0,0,0,0,0,0,0,0,0,0,0,0,0,0,0,0,0,0,0,0,0,0,0,0,0,0,0,0,0,0,0,0,0,0,0,0,0,0,0,0,0,0,4362.853663128363,DE1 0_to_DE1 11,192.83977018343904,0.01205248563646494,4362.853663128363,9160.770252856728,0.95,0,0,DE1 0,DE1 11,8.585665971628911,49.23105928069339,8.05974729506191,47.888021872066325
DE1 1,z2,2,1,0,0,0,-1,0,0,0,0,0,0,0,0,0,0,0,0,0,0,0,0,0,0,0,0,0,0,0,0,0,0,0,0,0,0,0,0,0,0,0,0,0,0,0,0,0,0,0,0,0,0,0,0,0,0,0,0,0,0,0,0,0,0,0,0,0,0,0,0,0,0,0,0,0,0,0,15060.900117093684,DE1 0_to_DE1 12,140.56480167516264,0.008785300104697665,15060.900117093684,6677.47038154851,0.95,0,0,DE1 0,DE1 12,8.585665971628911,49.23105928069339,9.580929922241054,48.46048443999676
DE1 10,z3,3,1,0,0,0,0,0,0,0,0,0,-1,0,0,0,0,0,0,0,0,0,0,0,0,0,0,0,0,0,0,0,0,0,0,0,0,0,0,0,0,0,0,0,0,0,0,0,0,0,0,0,0,0,0,0,0,0,0,0,0,0,0,0,0,0,0,0,0,0,0,0,0,0,0,0,0,0,3566.015484655108,DE1 0_to_DE1 18,163.12173380258994,0.01019510836266187,3566.015484655108,7749.02773007718,0.95,0,0,DE1 0,DE1 18,8.585665971628911,49.23105928069339,6.961294780838478,49.74481058636263
DE1 11,z4,4,1,0,0,0,0,0,0,0,0,0,0,0,0,0,0,0,0,-1,0,0,0,0,0,0,0,0,0,0,0,0,0,0,0,0,0,0,0,0,0,0,0,0,0,0,0,0,0,0,0,0,0,0,0,0,0,0,0,0,0,0,0,0,0,0,0,0,0,0,0,0,0,0,0,0,0,0,9117.54097600184,DE1 0_to_DE1 7,117.90022256580347,0.007368763910362717,9117.54097600184,5600.799309491994,0.95,0,0,DE1 0,DE1 7,8.585665971628911,49.23105928069339,8.614807726224376,50.079091212058565
DE1 12,z5,5,0,1,0,0,0,0,-1,0,0,0,0,0,0,0,0,0,0,0,0,0,0,0,0,0,0,0,0,0,0,0,0,0,0,0,0,0,0,0,0,0,0,0,0,0,0,0,0,0,0,0,0,0,0,0,0,0,0,0,0,0,0,0,0,0,0,0,0,0,0,0,0,0,0,0,0,0,2377.3436564367385,DE1 1_to_DE1 14,176.6681518032778,0.011041759487704863,2377.3436564367385,8392.544484610844,0.95,0,0,DE1 1,DE1 14,9.745630895271958,51.04223934252158,11.750300384615384,51.22456746153846
DE1 13,z6,6,0,1,0,0,0,0,0,-1,0,0,0,0,0,0,0,0,0,0,0,0,0,0,0,0,0,0,0,0,0,0,0,0,0,0,0,0,0,0,0,0,0,0,0,0,0,0,0,0,0,0,0,0,0,0,0,0,0,0,0,0,0,0,0,0,0,0,0,0,0,0,0,0,0,0,0,0,2377.3436564367385,DE1 1_to_DE1 15,172.81229164524115,0.010800768227827572,2377.3436564367385,8209.373507994782,0.95,0,0,DE1 1,DE1 15,9.745630895271958,51.04223934252158,10.358713631896448,52.22589869741621
DE1 14,z7,7,0,1,0,0,0,0,0,0,0,0,0,0,0,0,0,0,0,-1,0,0,0,0,0,0,0,0,0,0,0,0,0,0,0,0,0,0,0,0,0,0,0,0,0,0,0,0,0,0,0,0,0,0,0,0,0,0,0,0,0,0,0,0,0,0,0,0,0,0,0,0,0,0,0,0,0,0,2377.3436564367385,DE1 1_to_DE1 7,167.00251144715912,0.010437656965447446,2377.3436564367385,7933.382401162417,0.95,0,0,DE1 1,DE1 7,9.745630895271958,51.04223934252158,8.614807726224376,50.079091212058565
DE1 15,z8,8,0,1,0,0,0,0,0,0,0,0,0,0,0,0,0,0,0,0,0,-1,0,0,0,0,0,0,0,0,0,0,0,0,0,0,0,0,0,0,0,0,0,0,0,0,0,0,0,0,0,0,0,0,0,0,0,0,0,0,0,0,0,0,0,0,0,0,0,0,0,0,0,0,0,0,0,0,4754.687312873477,DE1 1_to_DE1 9,161.31928818922682,0.010082455511826675,4754.687312873477,7663.4033272811075,0.95,0,0,DE1 1,DE1 9,9.745630895271958,51.04223934252158,8.718996773319988,52.01133541053488
DE1 16,z9,9,0,0,1,0,0,0,0,0,-1,0,0,0,0,0,0,0,0,0,0,0,0,0,0,0,0,0,0,0,0,0,0,0,0,0,0,0,0,0,0,0,0,0,0,0,0,0,0,0,0,0,0,0,0,0,0,0,0,0,0,0,0,0,0,0,0,0,0,0,0,0,0,0,0,0,0,0,2377.3436564367385,DE1 10_to_DE1 16,111.30920270358725,0.006956825168974203,2377.3436564367385,5287.69574878798,0.95,0,0,DE1 10,DE1 16,8.442956595095849,53.183449756764006,7.383087924978485,52.70033777690464
DE1 17,z10,10,0,0,1,0,0,0,0,0,0,0,0,0,0,0,0,-1,0,0,0,0,0,0,0,0,0,0,0,0,0,0,0,0,0,0,0,0,0,0,0,0,0,0,0,0,0,0,0,0,0,0,0,0,0,0,0,0,0,0,0,0,0,0,0,0,0,0,0,0,0,0,0,0,0,0,0,0,3971.02001338325,DE1 10_to_DE1 5,129.48686174027887,0.00809292885876743,3971.02001338325,6151.217614695066,0.95,0,0,DE1 10,DE1 5,8.442956595095849,53.183449756764006,9.656115621028528,53.772222705953226
DE1 18,z11,11,0,0,1,0,0,0,0,0,0,0,0,0,0,0,0,0,0,0,0,-1,0,0,0,0,0,0,0,0,0,0,0,0,0,0,0,0,0,0,0,0,0,0,0,0,0,0,0,0,0,0,0,0,0,0,0,0,0,0,0,0,0,0,0,0,0,0,0,0,0,0,0,0,0,0,0,0,1593.6763569465115,DE1 10_to_DE1 9,164.5745524589509,0.010285909528684432,1593.6763569465115,7818.043254817367,0.95,0,0,DE1 10,DE1 9,8.442956595095849,53.183449756764006,8.718996773319988,52.01133541053488
DE1 19,z12,12,0,0,0,1,-1,0,0,0,0,0,0,0,0,0,0,0,0,0,0,0,0,0,0,0,0,0,0,0,0,0,0,0,0,0,0,0,0,0,0,0,0,0,0,0,0,0,0,0,0,0,0,0,0,0,0,0,0,0,0,0,0,0,0,0,0,0,0,0,0,0,0,0,0,0,0,0,4754.687312873477,DE1 11_to_DE1 12,161.896381937343,0.010118523871083938,4754.687312873477,7690.817917310038,0.95,0,0,DE1 11,DE1 12,8.05974729506191,47.888021872066325,9.580929922241054,48.46048443999676
DE1 2,z13,13,0,0,0,1,0,0,0,0,0,0,0,0,0,0,0,0,0,0,0,0,0,0,0,0,0,0,0,0,0,0,0,0,0,0,0,0,0,0,0,-1,0,0,0,0,0,0,0,0,0,0,0,0,0,0,0,0,0,0,0,0,0,0,0,0,0,0,0,0,0,0,0,0,0,0,0,0,3964.4345738917345,DE1 11_to_FR1 17,91.499464775641,0.005718716548477562,3964.4345738917345,4346.642677864944,0.95,0,0,DE1 11,FR1 17,8.05974729506191,47.888021872066325,7.098681162538576,48.02632462435081
DE1 3,z14,14,0,0,0,0,1,0,0,0,0,0,0,-1,0,0,0,0,0,0,0,0,0,0,0,0,0,0,0,0,0,0,0,0,0,0,0,0,0,0,0,0,0,0,0,0,0,0,0,0,0,0,0,0,0,0,0,0,0,0,0,0,0,0,0,0,0,0,0,0,0,0,0,0,0,0,0,0,2377.3436564367385,DE1 12_to_DE1 19,223.27805713822065,0.013954878571138791,2377.3436564367385,10606.72796903755,0.95,0,0,DE1 12,DE1 19,9.580929922241054,48.46048443999676,10.723084073001646,49.88281742234528
DE1 4,z15,15,0,0,0,0,1,0,0,0,0,0,0,0,0,0,-1,0,0,0,0,0,0,0,0,0,0,0,0,0,0,0,0,0,0,0,0,0,0,0,0,0,0,0,0,0,0,0,0,0,0,0,0,0,0,0,0,0,0,0,0,0,0,0,0,0,0,0,0,0,0,0,0,0,0,0,0,0,5551.525491346732,DE1 12_to_DE1 4,168.4000708436932,0.010525004427730824,5551.525491346732,7999.77285855713,0.95,0,0,DE1 12,DE1 4,9.580929922241054,48.46048443999676,11.399736085399406,48.35883243095018
DE1 5,z16,16,0,0,0,0,0,1,-1,0,0,0,0,0,0,0,0,0,0,0,0,0,0,0,0,0,0,0,0,0,0,0,0,0,0,0,0,0,0,0,0,0,0,0,0,0,0,0,0,0,0,0,0,0,0,0,0,0,0,0,0,0,0,0,0,0,0,0,0,0,0,0,0,0,0,0,0,0,2377.3436564367385,DE1 13_to_DE1 14,341.2673079559072,0.021329206747244197,2377.3436564367385,16211.756527302963,0.95,0,0,DE1 13,DE1 14,12.50484475,48.817594875,11.750300384615384,51.22456746153846
DE1 6,z17,17,0,0,0,0,0,1,0,0,0,0,0,-1,0,0,0,0,0,0,0,0,0,0,0,0,0,0,0,0,0,0,0,0,0,0,0,0,0,0,0,0,0,0,0,0,0,0,0,0,0,0,0,0,0,0,0,0,0,0,0,0,0,0,0,0,0,0,0,0,0,0,0,0,0,0,0,0,796.8381784732558,DE1 13_to_DE1 19,218.9607841598671,0.013685049009991694,796.8381784732558,10401.637775059717,0.95,0,0,DE1 13,DE1 19,12.50484475,48.817594875,10.723084073001646,49.88281742234528
DE1 7,z18,18,0,0,0,0,0,1,0,0,0,0,0,0,0,0,-1,0,0,0,0,0,0,0,0,0,0,0,0,0,0,0,0,0,0,0,0,0,0,0,0,0,0,0,0,0,0,0,0,0,0,0,0,0,0,0,0,0,0,0,0,0,0,0,0,0,0,0,0,0,0,0,0,0,0,0,0,0,4362.853663128363,DE1 13_to_DE1 4,119.95314374032289,0.00749707148377018,4362.853663128363,5698.322445975238,0.95,0,0,DE1 13,DE1 4,12.50484475,48.817594875,11.399736085399406,48.35883243095018
DE1 8,z19,19,0,0,0,0,0,0,1,-1,0,0,0,0,0,0,0,0,0,0,0,0,0,0,0,0,0,0,0,0,0,0,0,0,0,0,0,0,0,0,0,0,0,0,0,0,0,0,0,0,0,0,0,0,0,0,0,0,0,0,0,0,0,0,0,0,0,0,0,0,0,0,0,0,0,0,0,0,2377.3436564367385,DE1 14_to_DE1 15,183.6383195155129,0.011477394969719557,2377.3436564367385,8723.659300682893,0.95,0,0,DE1 14,DE1 15,11.750300384615384,51.22456746153846,10.358713631896448,52.22589869741621
DE1 9,z20,20,0,0,0,0,0,0,1,0,0,-1,0,0,0,0,0,0,0,0,0,0,0,0,0,0,0,0,0,0,0,0,0,0,0,0,0,0,0,0,0,0,0,0,0,0,0,0,0,0,0,0,0,0,0,0,0,0,0,0,0,0,0,0,0,0,0,0,0,0,0,0,0,0,0,0,0,0,3174.1818349099944,DE1 14_to_DE1 17,361.8439803613993,0.022615248772587457,3174.1818349099944,17189.242490368055,0.95,0,0,DE1 14,DE1 17,11.750300384615384,51.22456746153846,12.626970151251394,53.77264364752804
ES1 0,z21,21,0,0,0,0,0,0,1,0,0,0,0,-1,0,0,0,0,0,0,0,0,0,0,0,0,0,0,0,0,0,0,0,0,0,0,0,0,0,0,0,0,0,0,0,0,0,0,0,0,0,0,0,0,0,0,0,0,0,0,0,0,0,0,0,0,0,0,0,0,0,0,0,0,0,0,0,0,10698.046453965326,DE1 14_to_DE1 19,207.3815449374159,0.012961346558588493,10698.046453965326,9851.571001391403,0.95,0,0,DE1 14,DE1 19,11.750300384615384,51.22456746153846,10.723084073001646,49.88281742234528
ES1 1,z22,22,0,0,0,0,0,0,1,0,0,0,0,0,0,-1,0,0,0,0,0,0,0,0,0,0,0,0,0,0,0,0,0,0,0,0,0,0,0,0,0,0,0,0,0,0,0,0,0,0,0,0,0,0,0,0,0,0,0,0,0,0,0,0,0,0,0,0,0,0,0,0,0,0,0,0,0,0,7132.030969310214,DE1 14_to_DE1 3,239.4673588320574,0.014966709927003587,7132.030969310214,11375.793775485809,0.95,0,0,DE1 14,DE1 3,11.750300384615384,51.22456746153846,13.553525737215796,52.53973417915259
ES1 2,z23,23,0,0,0,0,0,0,1,0,0,0,0,0,0,0,0,0,-1,0,0,0,0,0,0,0,0,0,0,0,0,0,0,0,0,0,0,0,0,0,0,0,0,0,0,0,0,0,0,0,0,0,0,0,0,0,0,0,0,0,0,0,0,0,0,0,0,0,0,0,0,0,0,0,0,0,0,0,6348.36366981999,DE1 14_to_DE1 6,165.1248065363619,0.010320300408522618,6348.36366981999,7844.182837845621,0.95,0,0,DE1 14,DE1 6,11.750300384615384,51.22456746153846,13.6417236,51.1474873
ES1 3,z24,24,0,0,0,0,0,0,0,1,0,0,0,0,0,0,0,-1,0,0,0,0,0,0,0,0,0,0,0,0,0,0,0,0,0,0,0,0,0,0,0,0,0,0,0,0,0,0,0,0,0,0,0,0,0,0,0,0,0,0,0,0,0,0,0,0,0,0,0,0,0,0,0,0,0,0,0,0,2377.3436564367385,DE1 15_to_DE1 5,222.8170537351163,0.01392606585844477,2377.3436564367385,10584.828200864178,0.95,0,0,DE1 15,DE1 5,10.358713631896448,52.22589869741621,9.656115621028528,53.772222705953226
ES1 4,z25,25,0,0,0,0,0,0,0,1,0,0,0,0,0,0,0,0,0,0,0,-1,0,0,0,0,0,0,0,0,0,0,0,0,0,0,0,0,0,0,0,0,0,0,0,0,0,0,0,0,0,0,0,0,0,0,0,0,0,0,0,0,0,0,0,0,0,0,0,0,0,0,0,0,0,0,0,0,796.8381784732558,DE1 15_to_DE1 9,143.0825181967328,0.0089426573872958,796.8381784732558,6797.07342086963,0.95,0,0,DE1 15,DE1 9,10.358713631896448,52.22589869741621,8.718996773319988,52.01133541053488
ES1 5,z26,26,0,0,0,0,0,0,0,0,1,0,0,0,-1,0,0,0,0,0,0,0,0,0,0,0,0,0,0,0,0,0,0,0,0,0,0,0,0,0,0,0,0,0,0,0,0,0,0,0,0,0,0,0,0,0,0,0,0,0,0,0,0,0,0,0,0,0,0,0,0,0,0,0,0,0,0,0,7132.030969310214,DE1 16_to_DE1 2,182.79538940010605,0.011424711837506627,7132.030969310214,8683.616268485175,0.95,0,0,DE1 16,DE1 2,7.383087924978485,52.70033777690464,7.690041449570495,51.398817744468026
ES1 6,z27,27,0,0,0,0,0,0,0,0,1,0,0,0,0,0,0,0,0,0,-1,0,0,0,0,0,0,0,0,0,0,0,0,0,0,0,0,0,0,0,0,0,0,0,0,0,0,0,0,0,0,0,0,0,0,0,0,0,0,0,0,0,0,0,0,0,0,0,0,0,0,0,0,0,0,0,0,0,0.0,DE1 16_to_DE1 8,220.5950436523095,0.013787190228269344,-1.0,10479.272568596203,0.95,0,0,DE1 16,DE1 8,7.383087924978485,52.70033777690464,6.782045751405716,51.15711694730057
ES1 7,z28,28,0,0,0,0,0,0,0,0,1,0,0,0,0,0,0,0,0,0,0,-1,0,0,0,0,0,0,0,0,0,0,0,0,0,0,0,0,0,0,0,0,0,0,0,0,0,0,0,0,0,0,0,0,0,0,0,0,0,0,0,0,0,0,0,0,0,0,0,0,0,0,0,0,0,0,0,0,4754.687312873477,DE1 16_to_DE1 9,148.42885346805636,0.009276803341753521,4754.687312873477,7051.048775998661,0.95,0,0,DE1 16,DE1 9,7.383087924978485,52.70033777690464,8.718996773319988,52.01133541053488
ES1 8,z29,29,0,0,0,0,0,0,0,0,0,1,0,0,0,-1,0,0,0,0,0,0,0,0,0,0,0,0,0,0,0,0,0,0,0,0,0,0,0,0,0,0,0,0,0,0,0,0,0,0,0,0,0,0,0,0,0,0,0,0,0,0,0,0,0,0,0,0,0,0,0,0,0,0,0,0,0,0,3174.1818349099944,DE1 17_to_DE1 3,187.95892973661057,0.011747433108538161,3174.1818349099944,8928.908028940397,0.95,0,0,DE1 17,DE1 3,12.626970151251394,53.77264364752804,13.553525737215796,52.53973417915259
ES4 0,z30,30,0,0,0,0,0,0,0,0,0,1,0,0,0,0,0,-1,0,0,0,0,0,0,0,0,0,0,0,0,0,0,0,0,0,0,0,0,0,0,0,0,0,0,0,0,0,0,0,0,0,0,0,0,0,0,0,0,0,0,0,0,0,0,0,0,0,0,0,0,0,0,0,0,0,0,0,0,2377.3436564367385,DE1 17_to_DE1 5,244.021272377514,0.015251329523594625,2377.3436564367385,11592.125477715155,0.95,0,0,DE1 17,DE1 5,12.626970151251394,53.77264364752804,9.656115621028528,53.772222705953226
FR1 0,z31,31,0,0,0,0,0,0,0,0,0,0,1,0,0,0,0,0,0,-1,0,0,0,0,0,0,0,0,0,0,0,0,0,0,0,0,0,0,0,0,0,0,0,0,0,0,0,0,0,0,0,0,0,0,0,0,0,0,0,0,0,0,0,0,0,0,0,0,0,0,0,0,0,0,0,0,0,0,4754.687312873477,DE1 18_to_DE1 7,155.11878475372552,0.009694924047107844,4754.687312873477,7368.851081286186,0.95,0,0,DE1 18,DE1 7,6.961294780838478,49.74481058636263,8.614807726224376,50.079091212058565
FR1 1,z32,32,0,0,0,0,0,0,0,0,0,0,1,0,0,0,0,0,0,0,-1,0,0,0,0,0,0,0,0,0,0,0,0,0,0,0,0,0,0,0,0,0,0,0,0,0,0,0,0,0,0,0,0,0,0,0,0,0,0,0,0,0,0,0,0,0,0,0,0,0,0,0,0,0,0,0,0,0,7132.030969310214,DE1 18_to_DE1 8,196.9414297977336,0.01230883936235835,7132.030969310214,9355.617826810125,0.95,0,0,DE1 18,DE1 8,6.961294780838478,49.74481058636263,6.782045751405716,51.15711694730057
FR1 10,z33,33,0,0,0,0,0,0,0,0,0,0,1,0,0,0,0,0,0,0,0,0,0,0,0,0,0,0,0,0,0,0,0,0,0,0,0,0,0,0,0,0,0,0,0,-1,0,0,0,0,0,0,0,0,0,0,0,0,0,0,0,0,0,0,0,0,0,0,0,0,0,0,0,0,0,0,0,0,2775.7627456733667,DE1 18_to_FR1 4,152.59922659092277,0.009537451661932672,2775.7627456733667,7249.160555591255,0.95,0,0,DE1 18,FR1 4,6.961294780838478,49.74481058636263,5.960518625870406,48.86187900010679
FR1 11,z34,34,0,0,0,0,0,0,0,0,0,0,0,1,0,0,-1,0,0,0,0,0,0,0,0,0,0,0,0,0,0,0,0,0,0,0,0,0,0,0,0,0,0,0,0,0,0,0,0,0,0,0,0,0,0,0,0,0,0,0,0,0,0,0,0,0,0,0,0,0,0,0,0,0,0,0,0,0,4362.853663128363,DE1 19_to_DE1 4,220.58356912325235,0.01378647307020327,4362.853663128363,10478.727476033851,0.95,0,0,DE1 19,DE1 4,10.723084073001646,49.88281742234528,11.399736085399406,48.35883243095018
FR1 12,z35,35,0,0,0,0,0,0,0,0,0,0,0,1,0,0,0,0,0,-1,0,0,0,0,0,0,0,0,0,0,0,0,0,0,0,0,0,0,0,0,0,0,0,0,0,0,0,0,0,0,0,0,0,0,0,0,0,0,0,0,0,0,0,0,0,0,0,0,0,0,0,0,0,0,0,0,0,0,5551.525491346732,DE1 19_to_DE1 7,190.39309534235517,0.011899568458897199,5551.525491346732,9044.542017979174,0.95,0,0,DE1 19,DE1 7,10.723084073001646,49.88281742234528,8.614807726224376,50.079091212058565
FR1 13,z36,36,0,0,0,0,0,0,0,0,0,0,0,0,1,0,0,0,0,-1,0,0,0,0,0,0,0,0,0,0,0,0,0,0,0,0,0,0,0,0,0,0,0,0,0,0,0,0,0,0,0,0,0,0,0,0,0,0,0,0,0,0,0,0,0,0,0,0,0,0,0,0,0,0,0,0,0,0,4754.687312873477,DE1 2_to_DE1 7,200.6569475504952,0.01254105922190595,4754.687312873477,9532.12189788987,0.95,0,0,DE1 2,DE1 7,7.690041449570495,51.398817744468026,8.614807726224376,50.079091212058565
FR1 14,z37,37,0,0,0,0,0,0,0,0,0,0,0,0,1,0,0,0,0,0,-1,0,0,0,0,0,0,0,0,0,0,0,0,0,0,0,0,0,0,0,0,0,0,0,0,0,0,0,0,0,0,0,0,0,0,0,0,0,0,0,0,0,0,0,0,0,0,0,0,0,0,0,0,0,0,0,0,0,20220.591958695302,DE1 2_to_DE1 8,85.79694787282119,0.005362309242051324,20220.591958695302,4075.7470676903854,0.95,0,0,DE1 2,DE1 8,7.690041449570495,51.398817744468026,6.782045751405716,51.15711694730057
FR1 15,z38,38,0,0,0,0,0,0,0,0,0,0,0,0,1,0,0,0,0,0,0,-1,0,0,0,0,0,0,0,0,0,0,0,0,0,0,0,0,0,0,0,0,0,0,0,0,0,0,0,0,0,0,0,0,0,0,0,0,0,0,0,0,0,0,0,0,0,0,0,0,0,0,0,0,0,0,0,0,4754.687312873477,DE1 2_to_DE1 9,122.89354380967706,0.007680846488104815,4754.687312873477,5838.00488524186,0.95,0,0,DE1 2,DE1 9,7.690041449570495,51.398817744468026,8.718996773319988,52.01133541053488
FR1 16,z39,39,0,0,0,0,0,0,0,0,0,0,0,0,0,1,0,0,-1,0,0,0,0,0,0,0,0,0,0,0,0,0,0,0,0,0,0,0,0,0,0,0,0,0,0,0,0,0,0,0,0,0,0,0,0,0,0,0,0,0,0,0,0,0,0,0,0,0,0,0,0,0,0,0,0,0,0,0,7132.030969310214,DE1 3_to_DE1 6,193.6615966459989,0.012103849790374932,7132.030969310214,9199.810765112408,0.95,0,0,DE1 3,DE1 6,13.553525737215796,52.53973417915259,13.6417236,51.1474873
FR1 17,z40,40,0,0,0,0,0,0,0,0,0,0,0,0,0,0,0,1,0,0,0,-1,0,0,0,0,0,0,0,0,0,0,0,0,0,0,0,0,0,0,0,0,0,0,0,0,0,0,0,0,0,0,0,0,0,0,0,0,0,0,0,0,0,0,0,0,0,0,0,0,0,0,0,0,0,0,0,0,2377.3436564367385,DE1 5_to_DE1 9,257.05269595978893,0.01606579349748681,2377.3436564367385,12211.17764413976,0.95,0,0,DE1 5,DE1 9,9.656115621028528,53.772222705953226,8.718996773319988,52.01133541053488
FR1 18,z41,41,0,0,0,0,0,0,0,0,0,0,0,0,0,0,0,0,0,1,0,-1,0,0,0,0,0,0,0,0,0,0,0,0,0,0,0,0,0,0,0,0,0,0,0,0,0,0,0,0,0,0,0,0,0,0,0,0,0,0,0,0,0,0,0,0,0,0,0,0,0,0,0,0,0,0,0,0,3566.015484655108,DE1 7_to_DE1 9,268.7238914301739,0.01679524321438587,3566.015484655108,12765.612759773188,0.95,0,0,DE1 7,DE1 9,8.614807726224376,50.079091212058565,8.718996773319988,52.01133541053488
FR1 2,z42,42,0,0,0,0,0,0,0,0,0,0,0,0,0,0,0,0,0,0,0,0,1,0,0,0,0,-1,0,0,0,0,0,0,0,0,0,0,0,0,0,0,0,0,0,0,0,0,0,0,0,0,0,0,0,0,0,0,0,0,0,0,0,0,0,0,0,0,0,0,0,0,0,0,0,0,0,0,7132.030969310214,ES1 0_to_ES1 5,318.63654169199424,0.01991478385574964,7132.030969310214,15136.6917199108,0.95,0,0,ES1 0,ES1 5,-5.521155105994543,41.91726952615551,-3.650686811360254,40.11061009553195
FR1 3,z43,43,0,0,0,0,0,0,0,0,0,0,0,0,0,0,0,0,0,0,0,0,1,0,0,0,0,0,-1,0,0,0,0,0,0,0,0,0,0,0,0,0,0,0,0,0,0,0,0,0,0,0,0,0,0,0,0,0,0,0,0,0,0,0,0,0,0,0,0,0,0,0,0,0,0,0,0,0,9920.964593966613,ES1 0_to_ES1 6,294.2172817957358,0.018388580112233488,9920.964593966613,13976.665292573602,0.95,0,0,ES1 0,ES1 6,-5.521155105994543,41.91726952615551,-2.8968013540051976,42.7648961811579
FR1 4,z44,44,0,0,0,0,0,0,0,0,0,0,0,0,0,0,0,0,0,0,0,0,1,0,0,0,0,0,0,-1,0,0,0,0,0,0,0,0,0,0,0,0,0,0,0,0,0,0,0,0,0,0,0,0,0,0,0,0,0,0,0,0,0,0,0,0,0,0,0,0,0,0,0,0,0,0,0,0,13486.980078621717,ES1 0_to_ES1 7,263.26083631128233,0.016453802269455146,13486.980078621717,12506.092678540705,0.95,0,0,ES1 0,ES1 7,-5.521155105994543,41.91726952615551,-7.874534340432445,42.66362337417896
FR1 5,z45,45,0,0,0,0,0,0,0,0,0,0,0,0,0,0,0,0,0,0,0,0,1,0,0,0,0,0,0,0,-1,0,0,0,0,0,0,0,0,0,0,0,0,0,0,0,0,0,0,0,0,0,0,0,0,0,0,0,0,0,0,0,0,0,0,0,0,0,0,0,0,0,0,0,0,0,0,0,2377.3436564367385,ES1 0_to_ES1 8,354.37937991618185,0.022148711244761365,2377.3436564367385,16834.639860200215,0.95,0,0,ES1 0,ES1 8,-5.521155105994543,41.91726952615551,-6.151081792593107,39.41281178823704
FR1 6,z46,46,0,0,0,0,0,0,0,0,0,0,0,0,0,0,0,0,0,0,0,0,0,1,0,-1,0,0,0,0,0,0,0,0,0,0,0,0,0,0,0,0,0,0,0,0,0,0,0,0,0,0,0,0,0,0,0,0,0,0,0,0,0,0,0,0,0,0,0,0,0,0,0,0,0,0,0,0,10306.21280422021,ES1 1_to_ES1 3,328.56041848720685,0.020535026155450428,10306.21280422021,15608.121214211276,0.95,0,0,ES1 1,ES1 3,-0.498247313630633,40.78999490093028,-1.0685533905909534,38.46729399125504
FR1 7,z47,47,0,0,0,0,0,0,0,0,0,0,0,0,0,0,0,0,0,0,0,0,0,1,0,0,-1,0,0,0,0,0,0,0,0,0,0,0,0,0,0,0,0,0,0,0,0,0,0,0,0,0,0,0,0,0,0,0,0,0,0,0,0,0,0,0,0,0,0,0,0,0,0,0,0,0,0,0,11103.050982693465,ES1 1_to_ES1 4,246.596959819154,0.015412309988697123,11103.050982693465,11714.482400634057,0.95,0,0,ES1 1,ES1 4,-0.498247313630633,40.78999490093028,1.53223151519779,41.69378610486426
FR1 8,z48,48,0,0,0,0,0,0,0,0,0,0,0,0,0,0,0,0,0,0,0,0,0,1,0,0,0,-1,0,0,0,0,0,0,0,0,0,0,0,0,0,0,0,0,0,0,0,0,0,0,0,0,0,0,0,0,0,0,0,0,0,0,0,0,0,0,0,0,0,0,0,0,0,0,0,0,0,0,1195.2572677098835,ES1 1_to_ES1 5,346.52379590885,0.021657737244303123,1195.2572677098835,16461.46372425726,0.95,0,0,ES1 1,ES1 5,-0.498247313630633,40.78999490093028,-3.650686811360254,40.11061009553195
FR1 9,z49,49,0,0,0,0,0,0,0,0,0,0,0,0,0,0,0,0,0,0,0,0,0,1,0,0,0,0,-1,0,0,0,0,0,0,0,0,0,0,0,0,0,0,0,0,0,0,0,0,0,0,0,0,0,0,0,0,0,0,0,0,0,0,0,0,0,0,0,0,0,0,0,0,0,0,0,0,0,8725.707326256725,ES1 1_to_ES1 6,370.3177485329186,0.02314485928330741,8725.707326256725,17591.785198863385,0.95,0,0,ES1 1,ES1 6,-0.498247313630633,40.78999490093028,-2.8968013540051976,42.7648961811579
GB0 0,z50,50,0,0,0,0,0,0,0,0,0,0,0,0,0,0,0,0,0,0,0,0,0,1,0,0,0,0,0,0,0,0,0,0,0,0,0,0,0,0,0,0,0,0,0,0,0,0,0,-1,0,0,0,0,0,0,0,0,0,0,0,0,0,0,0,0,0,0,0,0,0,0,0,0,0,0,0,0,398.4190892366279,ES1 1_to_FR1 8,381.33049981738367,0.023833156238586478,398.4190892366279,18114.94120694652,0.95,0,0,ES1 1,FR1 8,-0.498247313630633,40.78999490093028,-0.4288508114936827,43.533022984491794
GB0 1,z51,51,0,0,0,0,0,0,0,0,0,0,0,0,0,0,0,0,0,0,0,0,0,0,1,-1,0,0,0,0,0,0,0,0,0,0,0,0,0,0,0,0,0,0,0,0,0,0,0,0,0,0,0,0,0,0,0,0,0,0,0,0,0,0,0,0,0,0,0,0,0,0,0,0,0,0,0,0,1587.0909174549972,ES1 2_to_ES1 3,492.46389833147066,0.030778993645716915,1587.0909174549972,23394.2854534071,0.95,0,0,ES1 2,ES1 3,-5.238705483289992,37.1621830158051,-1.0685533905909534,38.46729399125504
GB0 10,z52,52,0,0,0,0,0,0,0,0,0,0,0,0,0,0,0,0,0,0,0,0,0,0,1,0,0,-1,0,0,0,0,0,0,0,0,0,0,0,0,0,0,0,0,0,0,0,0,0,0,0,0,0,0,0,0,0,0,0,0,0,0,0,0,0,0,0,0,0,0,0,0,0,0,0,0,0,0,8327.2882370201,ES1 2_to_ES1 5,444.5816711343212,0.027786354445895074,8327.2882370201,21119.66086673124,0.95,0,0,ES1 2,ES1 5,-5.238705483289992,37.1621830158051,-3.650686811360254,40.11061009553195
GB0 11,z53,53,0,0,0,0,0,0,0,0,0,0,0,0,0,0,0,0,0,0,0,0,0,0,1,0,0,0,0,0,-1,0,0,0,0,0,0,0,0,0,0,0,0,0,0,0,0,0,0,0,0,0,0,0,0,0,0,0,0,0,0,0,0,0,0,0,0,0,0,0,0,0,0,0,0,0,0,0,7530.450058546841,ES1 2_to_ES1 8,328.27187366731505,0.020516992104207193,7530.450058546841,15594.414016779096,0.95,0,0,ES1 2,ES1 8,-5.238705483289992,37.1621830158051,-6.151081792593107,39.41281178823704
GB0 12,z54,54,0,0,0,0,0,0,0,0,0,0,0,0,0,0,0,0,0,0,0,0,0,0,0,1,0,-1,0,0,0,0,0,0,0,0,0,0,0,0,0,0,0,0,0,0,0,0,0,0,0,0,0,0,0,0,0,0,0,0,0,0,0,0,0,0,0,0,0,0,0,0,0,0,0,0,0,0,5153.106402110105,ES1 3_to_ES1 5,359.595999143162,0.022474749946447624,5153.106402110105,17082.453110493665,0.95,0,0,ES1 3,ES1 5,-1.0685533905909534,38.46729399125504,-3.650686811360254,40.11061009553195
GB0 2,z55,55,0,0,0,0,0,0,0,0,0,0,0,0,0,0,0,0,0,0,0,0,0,0,0,0,1,0,0,0,0,0,0,0,0,0,0,0,0,0,0,0,0,0,0,0,0,-1,0,0,0,0,0,0,0,0,0,0,0,0,0,0,0,0,0,0,0,0,0,0,0,0,0,0,0,0,0,0,1188.6718282183692,ES1 4_to_FR1 6,253.416960921022,0.015838560057563875,1188.6718282183692,12038.46361653683,0.95,0,0,ES1 4,FR1 6,1.53223151519779,41.69378610486426,1.729674828609724,43.51121310716024
GB0 3,z56,56,0,0,0,0,0,0,0,0,0,0,0,0,0,0,0,0,0,0,0,0,0,0,0,0,0,1,-1,0,0,0,0,0,0,0,0,0,0,0,0,0,0,0,0,0,0,0,0,0,0,0,0,0,0,0,0,0,0,0,0,0,0,0,0,0,0,0,0,0,0,0,0,0,0,0,0,0,3566.015484655108,ES1 5_to_ES1 6,377.1945283469528,0.02357465802168455,3566.015484655108,17918.46366304079,0.95,0,0,ES1 5,ES1 6,-3.650686811360254,40.11061009553195,-2.8968013540051976,42.7648961811579
GB0 4,z57,57,0,0,0,0,0,0,0,0,0,0,0,0,0,0,0,0,0,0,0,0,0,0,0,0,0,1,0,0,-1,0,0,0,0,0,0,0,0,0,0,0,0,0,0,0,0,0,0,0,0,0,0,0,0,0,0,0,0,0,0,0,0,0,0,0,0,0,0,0,0,0,0,0,0,0,0,0,10704.631893456837,ES1 5_to_ES1 8,284.205125570832,0.017762820348177003,10704.631893456837,13501.042121975515,0.95,0,0,ES1 5,ES1 8,-3.650686811360254,40.11061009553195,-6.151081792593107,39.41281178823704
GB0 5,z58,58,0,0,0,0,0,0,0,0,0,0,0,0,0,0,0,0,0,0,0,0,0,0,0,0,0,0,1,0,0,0,0,0,0,0,0,0,0,0,0,0,0,0,0,0,0,0,0,-1,0,0,0,0,0,0,0,0,0,0,0,0,0,0,0,0,0,0,0,0,0,0,0,0,0,0,0,0,1587.0909174549972,ES1 6_to_FR1 8,272.0739747935204,0.017004623424595026,1587.0909174549972,12924.757027526364,0.95,0,0,ES1 6,FR1 8,-2.8968013540051976,42.7648961811579,-0.4288508114936827,43.533022984491794
GB0 6,z59,59,0,0,0,0,0,0,0,0,0,0,0,0,0,0,0,0,0,0,0,0,0,0,0,0,0,0,0,0,0,0,1,0,0,-1,0,0,0,0,0,0,0,0,0,0,0,0,0,0,0,0,0,0,0,0,0,0,0,0,0,0,0,0,0,0,0,0,0,0,0,0,0,0,0,0,0,0,3964.4345738917345,FR1 0_to_FR1 11,264.83273066022,0.01655204566626375,3964.4345738917345,12580.764842787135,0.95,0,0,FR1 0,FR1 11,2.285930386191887,46.4165117639593,-0.1477868720375819,45.53878517204548
GB0 7,z60,60,0,0,0,0,0,0,0,0,0,0,0,0,0,0,0,0,0,0,0,0,0,0,0,0,0,0,0,0,0,0,1,0,0,0,-1,0,0,0,0,0,0,0,0,0,0,0,0,0,0,0,0,0,0,0,0,0,0,0,0,0,0,0,0,0,0,0,0,0,0,0,0,0,0,0,0,0,6746.782759056617,FR1 0_to_FR1 12,202.4856022457941,0.012655350140362131,6746.782759056617,9618.991351838637,0.95,0,0,FR1 0,FR1 12,2.285930386191887,46.4165117639593,2.8376376341268723,45.01155887416662
GB0 8,z61,61,0,0,0,0,0,0,0,0,0,0,0,0,0,0,0,0,0,0,0,0,0,0,0,0,0,0,0,0,0,0,1,0,0,0,0,0,0,-1,0,0,0,0,0,0,0,0,0,0,0,0,0,0,0,0,0,0,0,0,0,0,0,0,0,0,0,0,0,0,0,0,0,0,0,0,0,0,3566.015484655108,FR1 0_to_FR1 15,247.1351089284103,0.015445944308025643,3566.015484655108,11740.04694236207,0.95,0,0,FR1 0,FR1 15,2.285930386191887,46.4165117639593,3.78528005906954,47.87312764625944
GB0 9,z62,62,0,0,0,0,0,0,0,0,0,0,0,0,0,0,0,0,0,0,0,0,0,0,0,0,0,0,0,0,0,0,1,0,0,0,0,0,0,0,-1,0,0,0,0,0,0,0,0,0,0,0,0,0,0,0,0,0,0,0,0,0,0,0,0,0,0,0,0,0,0,0,0,0,0,0,0,0,2377.3436564367385,FR1 0_to_FR1 16,256.1765499907264,0.0160110343744204,2377.3436564367385,12169.556707115653,0.95,0,0,FR1 0,FR1 16,2.285930386191887,46.4165117639593,4.896736930824648,46.04814358794511
GB5 0,z63,63,0,0,0,0,0,0,0,0,0,0,0,0,0,0,0,0,0,0,0,0,0,0,0,0,0,0,0,0,0,0,1,0,0,0,0,0,0,0,0,0,0,0,0,0,0,0,-1,0,0,0,0,0,0,0,0,0,0,0,0,0,0,0,0,0,0,0,0,0,0,0,0,0,0,0,0,0,2775.7627456733667,FR1 0_to_FR1 7,333.11450675565777,0.020819656672228612,2775.7627456733667,15824.461216581243,0.95,0,0,FR1 0,FR1 7,2.285930386191887,46.4165117639593,2.412112342234826,48.81161935613287
IT1 0,z64,64,0,0,0,0,0,0,0,0,0,0,0,0,0,0,0,0,0,0,0,0,0,0,0,0,0,0,0,0,0,0,0,1,0,0,0,0,0,-1,0,0,0,0,0,0,0,0,0,0,0,0,0,0,0,0,0,0,0,0,0,0,0,0,0,0,0,0,0,0,0,0,0,0,0,0,0,0,3566.015484655108,FR1 1_to_FR1 15,394.6585200442106,0.024666157502763162,3566.015484655108,18748.08306926696,0.95,0,0,FR1 1,FR1 15,6.1072747878787865,45.52201024242424,3.78528005906954,47.87312764625944
IT1 1,z65,65,0,0,0,0,0,0,0,0,0,0,0,0,0,0,0,0,0,0,0,0,0,0,0,0,0,0,0,0,0,0,0,1,0,0,0,0,0,0,-1,0,0,0,0,0,0,0,0,0,0,0,0,0,0,0,0,0,0,0,0,0,0,0,0,0,0,0,0,0,0,0,0,0,0,0,0,0,12298.308250403352,FR1 1_to_FR1 16,138.25545352184983,0.008640965845115615,12298.308250403352,6567.765791845702,0.95,0,0,FR1 1,FR1 16,6.1072747878787865,45.52201024242424,4.896736930824648,46.04814358794511
IT1 10,z66,66,0,0,0,0,0,0,0,0,0,0,0,0,0,0,0,0,0,0,0,0,0,0,0,0,0,0,0,0,0,0,0,1,0,0,0,0,0,0,0,-1,0,0,0,0,0,0,0,0,0,0,0,0,0,0,0,0,0,0,0,0,0,0,0,0,0,0,0,0,0,0,0,0,0,0,0,0,1188.6718282183692,FR1 1_to_FR1 17,360.64205748346114,0.02254012859271632,1188.6718282183692,17132.145661555354,0.95,0,0,FR1 1,FR1 17,6.1072747878787865,45.52201024242424,7.098681162538576,48.02632462435081
IT1 11,z67,67,0,0,0,0,0,0,0,0,0,0,0,0,0,0,0,0,0,0,0,0,0,0,0,0,0,0,0,0,0,0,0,1,0,0,0,0,0,0,0,0,0,0,0,0,-1,0,0,0,0,0,0,0,0,0,0,0,0,0,0,0,0,0,0,0,0,0,0,0,0,0,0,0,0,0,0,0,796.8381784732558,FR1 1_to_FR1 5,242.850359100776,0.0151781474437985,796.8381784732558,11536.501746655882,0.95,0,0,FR1 1,FR1 5,6.1072747878787865,45.52201024242424,6.285740340299904,43.779423181195554
IT1 2,z68,68,0,0,0,0,0,0,0,0,0,0,0,0,0,0,0,0,0,0,0,0,0,0,0,0,0,0,0,0,0,0,0,1,0,0,0,0,0,0,0,0,0,0,0,0,0,0,0,0,0,0,0,0,0,0,0,0,0,0,0,0,0,0,0,0,0,0,0,0,0,0,-1,0,0,0,0,0,3566.015484655108,FR1 1_to_IT1 5,173.60098158849965,0.010850061349281228,3566.015484655108,8246.839884168414,0.95,0,0,FR1 1,IT1 5,6.1072747878787865,45.52201024242424,7.804870668635753,45.153095876777606
IT1 3,z69,69,0,0,0,0,0,0,0,0,0,0,0,0,0,0,0,0,0,0,0,0,0,0,0,0,0,0,0,0,0,0,0,0,1,0,0,0,0,-1,0,0,0,0,0,0,0,0,0,0,0,0,0,0,0,0,0,0,0,0,0,0,0,0,0,0,0,0,0,0,0,0,0,0,0,0,0,0,2775.7627456733667,FR1 10_to_FR1 15,267.3237641097471,0.016707735256859195,2775.7627456733667,12699.100314259606,0.95,0,0,FR1 10,FR1 15,3.9989213172754456,49.79126178855921,3.78528005906954,47.87312764625944
IT1 4,z70,70,0,0,0,0,0,0,0,0,0,0,0,0,0,0,0,0,0,0,0,0,0,0,0,0,0,0,0,0,0,0,0,0,1,0,0,0,0,0,0,0,0,0,-1,0,0,0,0,0,0,0,0,0,0,0,0,0,0,0,0,0,0,0,0,0,0,0,0,0,0,0,0,0,0,0,0,0,2775.7627456733667,FR1 10_to_FR1 3,173.98162366307744,0.010873851478942341,2775.7627456733667,8264.922122030766,0.95,0,0,FR1 10,FR1 3,3.9989213172754456,49.79126178855921,2.4240286159588798,50.53222179402777
IT1 5,z71,71,0,0,0,0,0,0,0,0,0,0,0,0,0,0,0,0,0,0,0,0,0,0,0,0,0,0,0,0,0,0,0,0,1,0,0,0,0,0,0,0,0,0,0,-1,0,0,0,0,0,0,0,0,0,0,0,0,0,0,0,0,0,0,0,0,0,0,0,0,0,0,0,0,0,0,0,0,2775.7627456733667,FR1 10_to_FR1 4,219.6781926513379,0.01372988704070862,2775.7627456733667,10435.717956557342,0.95,0,0,FR1 10,FR1 4,3.9989213172754456,49.79126178855921,5.960518625870406,48.86187900010679
IT1 6,z72,72,0,0,0,0,0,0,0,0,0,0,0,0,0,0,0,0,0,0,0,0,0,0,0,0,0,0,0,0,0,0,0,0,1,0,0,0,0,0,0,0,0,0,0,0,0,0,-1,0,0,0,0,0,0,0,0,0,0,0,0,0,0,0,0,0,0,0,0,0,0,0,0,0,0,0,0,0,1195.2572677098835,FR1 10_to_FR1 7,198.0444863503704,0.012377780396898151,1195.2572677098835,9408.01805340758,0.95,0,0,FR1 10,FR1 7,3.9989213172754456,49.79126178855921,2.412112342234826,48.81161935613287
IT1 7,z73,73,0,0,0,0,0,0,0,0,0,0,0,0,0,0,0,0,0,0,0,0,0,0,0,0,0,0,0,0,0,0,0,0,0,1,0,0,0,0,0,0,0,-1,0,0,0,0,0,0,0,0,0,0,0,0,0,0,0,0,0,0,0,0,0,0,0,0,0,0,0,0,0,0,0,0,0,0,3572.6009241466218,FR1 11_to_FR1 2,297.4251866931009,0.018589074168318807,3572.6009241466218,14129.055433517156,0.95,0,0,FR1 11,FR1 2,-0.1477868720375819,45.53878517204548,-1.259489522917447,47.53739282689119
IT1 8,z74,74,0,0,0,0,0,0,0,0,0,0,0,0,0,0,0,0,0,0,0,0,0,0,0,0,0,0,0,0,0,0,0,0,0,1,0,0,0,0,0,0,0,0,0,0,0,-1,0,0,0,0,0,0,0,0,0,0,0,0,0,0,0,0,0,0,0,0,0,0,0,0,0,0,0,0,0,0,2775.7627456733667,FR1 11_to_FR1 6,337.6685555214505,0.021104284720090658,2775.7627456733667,16040.799342394444,0.95,0,0,FR1 11,FR1 6,-0.1477868720375819,45.53878517204548,1.729674828609724,43.51121310716024
IT1 9,z75,75,0,0,0,0,0,0,0,0,0,0,0,0,0,0,0,0,0,0,0,0,0,0,0,0,0,0,0,0,0,0,0,0,0,1,0,0,0,0,0,0,0,0,0,0,0,0,0,-1,0,0,0,0,0,0,0,0,0,0,0,0,0,0,0,0,0,0,0,0,0,0,0,0,0,0,0,0,2775.762745673366,FR1 11_to_FR1 8,280.17495531219873,0.01751093470701242,2775.762745673366,13309.590619082126,0.95,0,0,FR1 11,FR1 8,-0.1477868720375819,45.53878517204548,-0.4288508114936827,43.533022984491794
IT3 0,z76,76,0,0,0,0,0,0,0,0,0,0,0,0,0,0,0,0,0,0,0,0,0,0,0,0,0,0,0,0,0,0,0,0,0,0,1,0,0,0,0,0,-1,0,0,0,0,0,0,0,0,0,0,0,0,0,0,0,0,0,0,0,0,0,0,0,0,0,0,0,0,0,0,0,0,0,0,0,2390.514535419767,FR1 12_to_FR1 18,182.7600654019463,0.011422504087621643,2390.514535419767,8681.938217161809,0.95,0,0,FR1 12,FR1 18,2.8376376341268723,45.01155887416662,3.784670782608696,43.88377686956522
,,77,0,0,0,0,0,0,0,0,0,0,0,0,0,0,0,0,0,0,0,0,0,0,0,0,0,0,0,0,0,0,0,0,0,0,1,0,0,0,0,0,0,0,0,0,0,-1,0,0,0,0,0,0,0,0,0,0,0,0,0,0,0,0,0,0,0,0,0,0,0,0,0,0,0,0,0,0,1587.0909174549972,FR1 12_to_FR1 6,235.90067669468883,0.014743792293418052,1587.0909174549972,11206.36007623217,0.95,0,0,FR1 12,FR1 6,2.8376376341268723,45.01155887416662,1.729674828609724,43.51121310716024
,,78,0,0,0,0,0,0,0,0,0,0,0,0,0,0,0,0,0,0,0,0,0,0,0,0,0,0,0,0,0,0,0,0,0,0,0,1,0,0,0,0,0,-1,0,0,0,0,0,0,0,0,0,0,0,0,0,0,0,0,0,0,0,0,0,0,0,0,0,0,0,0,0,0,0,0,0,0,5558.110930838247,FR1 13_to_FR1 2,211.3607619477124,0.013210047621732026,5558.110930838247,10040.601992161148,0.95,0,0,FR1 13,FR1 2,-3.251285779517703,48.26506370373863,-1.259489522917447,47.53739282689119
,,79,0,0,0,0,0,0,0,0,0,0,0,0,0,0,0,0,0,0,0,0,0,0,0,0,0,0,0,0,0,0,0,0,0,0,0,0,1,0,0,0,0,-1,0,0,0,0,0,0,0,0,0,0,0,0,0,0,0,0,0,0,0,0,0,0,0,0,0,0,0,0,0,0,0,0,0,0,11103.050982693465,FR1 14_to_FR1 2,255.5562175805337,0.015972263598783357,11103.050982693465,12140.088083061752,0.95,0,0,FR1 14,FR1 2,0.5904750041596424,48.901817147533365,-1.259489522917447,47.53739282689119
,,80,0,0,0,0,0,0,0,0,0,0,0,0,0,0,0,0,0,0,0,0,0,0,0,0,0,0,0,0,0,0,0,0,0,0,0,0,1,0,0,0,0,0,-1,0,0,0,0,0,0,0,0,0,0,0,0,0,0,0,0,0,0,0,0,0,0,0,0,0,0,0,0,0,0,0,0,0,2377.3436564367385,FR1 14_to_FR1 3,280.170965979738,0.017510685373733625,2377.3436564367385,13309.401107561236,0.95,0,0,FR1 14,FR1 3,0.5904750041596424,48.901817147533365,2.4240286159588798,50.53222179402777
,,81,0,0,0,0,0,0,0,0,0,0,0,0,0,0,0,0,0,0,0,0,0,0,0,0,0,0,0,0,0,0,0,0,0,0,0,0,1,0,0,0,0,0,0,0,0,0,-1,0,0,0,0,0,0,0,0,0,0,0,0,0,0,0,0,0,0,0,0,0,0,0,0,0,0,0,0,0,10306.21280422021,FR1 14_to_FR1 7,167.05591621374964,0.010440994763359352,10306.21280422021,7935.919371605174,0.95,0,0,FR1 14,FR1 7,0.5904750041596424,48.901817147533365,2.412112342234826,48.81161935613287
,,82,0,0,0,0,0,0,0,0,0,0,0,0,0,0,0,0,0,0,0,0,0,0,0,0,0,0,0,0,0,0,0,0,0,0,0,0,0,1,-1,0,0,0,0,0,0,0,0,0,0,0,0,0,0,0,0,0,0,0,0,0,0,0,0,0,0,0,0,0,0,0,0,0,0,0,0,0,4362.853663128363,FR1 15_to_FR1 16,274.69344727070643,0.017168340454419152,4362.853663128363,13049.193939706647,0.95,0,0,FR1 15,FR1 16,3.78528005906954,47.87312764625944,4.896736930824648,46.04814358794511
,,83,0,0,0,0,0,0,0,0,0,0,0,0,0,0,0,0,0,0,0,0,0,0,0,0,0,0,0,0,0,0,0,0,0,0,0,0,0,1,0,0,0,0,0,-1,0,0,0,0,0,0,0,0,0,0,0,0,0,0,0,0,0,0,0,0,0,0,0,0,0,0,0,0,0,0,0,0,5159.69184160162,FR1 15_to_FR1 4,243.362497399592,0.0152101560874745,5159.69184160162,11560.830656033231,0.95,0,0,FR1 15,FR1 4,3.78528005906954,47.87312764625944,5.960518625870406,48.86187900010679
,,84,0,0,0,0,0,0,0,0,0,0,0,0,0,0,0,0,0,0,0,0,0,0,0,0,0,0,0,0,0,0,0,0,0,0,0,0,0,1,0,0,0,0,0,0,0,0,-1,0,0,0,0,0,0,0,0,0,0,0,0,0,0,0,0,0,0,0,0,0,0,0,0,0,0,0,0,0,19822.172869458678,FR1 15_to_FR1 7,181.95446921262743,0.011372154325789214,19822.172869458678,8643.668717048287,0.95,0,0,FR1 15,FR1 7,3.78528005906954,47.87312764625944,2.412112342234826,48.81161935613287
,,85,0,0,0,0,0,0,0,0,0,0,0,0,0,0,0,0,0,0,0,0,0,0,0,0,0,0,0,0,0,0,0,0,0,0,0,0,0,0,1,-1,0,0,0,0,0,0,0,0,0,0,0,0,0,0,0,0,0,0,0,0,0,0,0,0,0,0,0,0,0,0,0,0,0,0,0,0,1195.2572677098835,FR1 16_to_FR1 17,345.0874465396003,0.021567965408725017,1195.2572677098835,16393.23056591023,0.95,0,0,FR1 16,FR1 17,4.896736930824648,46.04814358794511,7.098681162538576,48.02632462435081
,,86,0,0,0,0,0,0,0,0,0,0,0,0,0,0,0,0,0,0,0,0,0,0,0,0,0,0,0,0,0,0,0,0,0,0,0,0,0,0,1,0,-1,0,0,0,0,0,0,0,0,0,0,0,0,0,0,0,0,0,0,0,0,0,0,0,0,0,0,0,0,0,0,0,0,0,0,0,796.8381784732558,FR1 16_to_FR1 18,320.0858245471899,0.02000536403419937,796.8381784732558,15205.539277939011,0.95,0,0,FR1 16,FR1 18,4.896736930824648,46.04814358794511,3.784670782608696,43.88377686956522
,,87,0,0,0,0,0,0,0,0,0,0,0,0,0,0,0,0,0,0,0,0,0,0,0,0,0,0,0,0,0,0,0,0,0,0,0,0,0,0,1,0,0,0,0,0,0,0,0,0,-1,0,0,0,0,0,0,0,0,0,0,0,0,0,0,0,0,0,0,0,0,0,0,0,0,0,0,0,5551.525491346732,FR1 16_to_FR1 9,316.8848281236117,0.019805301757725734,5551.525491346732,15053.47732106818,0.95,0,0,FR1 16,FR1 9,4.896736930824648,46.04814358794511,5.073192987178199,43.771718460484735
,,88,0,0,0,0,0,0,0,0,0,0,0,0,0,0,0,0,0,0,0,0,0,0,0,0,0,0,0,0,0,0,0,0,0,0,0,0,0,0,0,1,0,0,0,-1,0,0,0,0,0,0,0,0,0,0,0,0,0,0,0,0,0,0,0,0,0,0,0,0,0,0,0,0,0,0,0,0,7138.6164088017285,FR1 17_to_FR1 4,156.52178548905516,0.009782611593065947,7138.6164088017285,7435.500027137543,0.95,0,0,FR1 17,FR1 4,7.098681162538576,48.02632462435081,5.960518625870406,48.86187900010679
,,89,0,0,0,0,0,0,0,0,0,0,0,0,0,0,0,0,0,0,0,0,0,0,0,0,0,0,0,0,0,0,0,0,0,0,0,0,0,0,0,0,1,0,0,0,0,-1,0,0,0,0,0,0,0,0,0,0,0,0,0,0,0,0,0,0,0,0,0,0,0,0,0,0,0,0,0,0,4369.439102619877,FR1 18_to_FR1 6,212.8979295735696,0.0133061205983481,4369.439102619877,10113.62447837969,0.95,0,0,FR1 18,FR1 6,3.784670782608696,43.88377686956522,1.729674828609724,43.51121310716024
,,90,0,0,0,0,0,0,0,0,0,0,0,0,0,0,0,0,0,0,0,0,0,0,0,0,0,0,0,0,0,0,0,0,0,0,0,0,0,0,0,0,1,0,0,0,0,0,0,0,-1,0,0,0,0,0,0,0,0,0,0,0,0,0,0,0,0,0,0,0,0,0,0,0,0,0,0,0,4369.439102619877,FR1 18_to_FR1 9,130.13865746607772,0.008133666091629858,4369.439102619877,6182.180890009891,0.95,0,0,FR1 18,FR1 9,3.784670782608696,43.88377686956522,5.073192987178199,43.771718460484735
,,91,0,0,0,0,0,0,0,0,0,0,0,0,0,0,0,0,0,0,0,0,0,0,0,0,0,0,0,0,0,0,0,0,0,0,0,0,0,0,0,0,0,0,1,0,0,0,-1,0,0,0,0,0,0,0,0,0,0,0,0,0,0,0,0,0,0,0,0,0,0,0,0,0,0,0,0,0,7537.035498038357,FR1 3_to_FR1 7,239.15522850130984,0.014947201781331864,7537.035498038357,11360.966158515475,0.95,0,0,FR1 3,FR1 7,2.4240286159588798,50.53222179402777,2.412112342234826,48.81161935613287
,,92,0,0,0,0,0,0,0,0,0,0,0,0,0,0,0,0,0,0,0,0,0,0,0,0,0,0,0,0,0,0,0,0,0,0,0,0,0,0,0,0,0,0,0,0,1,0,0,0,-1,0,0,0,0,0,0,0,0,0,0,0,0,0,0,0,0,0,0,0,0,0,0,0,0,0,0,0,6348.363669819988,FR1 5_to_FR1 9,121.6962152744523,0.007606013454653269,6348.363669819988,5781.126308701609,0.95,0,0,FR1 5,FR1 9,6.285740340299904,43.779423181195554,5.073192987178199,43.771718460484735
,,93,0,0,0,0,0,0,0,0,0,0,0,0,0,0,0,0,0,0,0,0,0,0,0,0,0,0,0,0,0,0,0,0,0,0,0,0,0,0,0,0,0,0,0,0,1,0,0,0,0,0,0,0,0,0,0,0,0,0,0,0,0,0,0,0,0,0,0,0,0,0,-1,0,0,0,0,0,398.4190892366279,FR1 5_to_IT1 5,243.2229793313354,0.015201436208208463,398.4190892366279,11554.202910272048,0.95,0,0,FR1 5,IT1 5,6.285740340299904,43.779423181195554,7.804870668635753,45.153095876777606
,,94,0,0,0,0,0,0,0,0,0,0,0,0,0,0,0,0,0,0,0,0,0,0,0,0,0,0,0,0,0,0,0,0,0,0,0,0,0,0,0,0,0,0,0,0,0,1,0,-1,0,0,0,0,0,0,0,0,0,0,0,0,0,0,0,0,0,0,0,0,0,0,0,0,0,0,0,0,3174.1818349099944,FR1 6_to_FR1 8,217.56309054138669,0.013597693158836667,3174.1818349099944,10335.24094150923,0.95,0,0,FR1 6,FR1 8,1.729674828609724,43.51121310716024,-0.4288508114936827,43.533022984491794
,,95,0,0,0,0,0,0,0,0,0,0,0,0,0,0,0,0,0,0,0,0,0,0,0,0,0,0,0,0,0,0,0,0,0,0,0,0,0,0,0,0,0,0,0,0,0,0,0,0,0,1,-1,0,0,0,0,0,0,0,0,0,0,0,0,0,0,0,0,0,0,0,0,0,0,0,0,0,3859.067542027503,GB0 0_to_GB0 1,183.00582088925228,0.011437863805578269,3859.067542027503,8693.612725773015,0.95,0,0,GB0 0,GB0 1,-1.9115255609602528,52.46122491282156,-0.4720178099735996,53.45202884546524
,,96,0,0,0,0,0,0,0,0,0,0,0,0,0,0,0,0,0,0,0,0,0,0,0,0,0,0,0,0,0,0,0,0,0,0,0,0,0,0,0,0,0,0,0,0,0,0,0,0,0,1,0,0,0,0,0,0,-1,0,0,0,0,0,0,0,0,0,0,0,0,0,0,0,0,0,0,0,4754.687312873477,GB0 0_to_GB0 4,152.50288415766363,0.009531430259853977,4754.687312873477,7244.583849780784,0.95,0,0,GB0 0,GB0 4,-1.9115255609602528,52.46122491282156,-2.583252000000002,53.481137
,,97,0,0,0,0,0,0,0,0,0,0,0,0,0,0,0,0,0,0,0,0,0,0,0,0,0,0,0,0,0,0,0,0,0,0,0,0,0,0,0,0,0,0,0,0,0,0,0,0,0,1,0,0,0,0,0,0,0,0,-1,0,0,0,0,0,0,0,0,0,0,0,0,0,0,0,0,0,2377.3436564367385,GB0 0_to_GB0 6,178.5454087622211,0.01115908804763882,2377.3436564367385,8481.722768167692,0.95,0,0,GB0 0,GB0 6,-1.9115255609602528,52.46122491282156,-3.3146490483229205,51.51069342086891
,,98,0,0,0,0,0,0,0,0,0,0,0,0,0,0,0,0,0,0,0,0,0,0,0,0,0,0,0,0,0,0,0,0,0,0,0,0,0,0,0,0,0,0,0,0,0,0,0,0,0,1,0,0,0,0,0,0,0,0,0,0,-1,0,0,0,0,0,0,0,0,0,0,0,0,0,0,0,7132.030969310214,GB0 0_to_GB0 8,169.70634479012,0.010606646549382499,7132.030969310214,8061.8268399486515,0.95,0,0,GB0 0,GB0 8,-1.9115255609602528,52.46122491282156,-1.4383506875000005,51.275725375
,,99,0,0,0,0,0,0,0,0,0,0,0,0,0,0,0,0,0,0,0,0,0,0,0,0,0,0,0,0,0,0,0,0,0,0,0,0,0,0,0,0,0,0,0,0,0,0,0,0,0,1,0,0,0,0,0,0,0,0,0,0,0,-1,0,0,0,0,0,0,0,0,0,0,0,0,0,0,1481.7238855907653,GB0 0_to_GB0 9,233.4162567949229,0.014588516049682681,1481.7238855907653,11088.338778593556,0.95,0,0,GB0 0,GB0 9,-1.9115255609602528,52.46122491282156,-1.457966915427565,54.11853474215842
,,100,0,0,0,0,0,0,0,0,0,0,0,0,0,0,0,0,0,0,0,0,0,0,0,0,0,0,0,0,0,0,0,0,0,0,0,0,0,0,0,0,0,0,0,0,0,0,0,0,0,0,1,0,0,0,0,-1,0,0,0,0,0,0,0,0,0,0,0,0,0,0,0,0,0,0,0,0,4754.687312873477,GB0 1_to_GB0 3,256.14669244748615,0.016009168277967886,4754.687312873477,12168.138337379583,0.95,0,0,GB0 1,GB0 3,-0.4720178099735996,53.45202884546524,-0.2469460565586441,51.61425294670557
,,101,0,0,0,0,0,0,0,0,0,0,0,0,0,0,0,0,0,0,0,0,0,0,0,0,0,0,0,0,0,0,0,0,0,0,0,0,0,0,0,0,0,0,0,0,0,0,0,0,0,0,1,0,0,0,0,0,0,0,0,-1,0,0,0,0,0,0,0,0,0,0,0,0,0,0,0,0,4754.687312873477,GB0 1_to_GB0 7,283.94948893773,0.017746843058608124,4754.687312873477,13488.898213787732,0.95,0,0,GB0 1,GB0 7,-0.4720178099735996,53.45202884546524,0.6575011666666645,51.528312166666666
,,102,0,0,0,0,0,0,0,0,0,0,0,0,0,0,0,0,0,0,0,0,0,0,0,0,0,0,0,0,0,0,0,0,0,0,0,0,0,0,0,0,0,0,0,0,0,0,0,0,0,0,1,0,0,0,0,0,0,0,0,0,0,-1,0,0,0,0,0,0,0,0,0,0,0,0,0,0,10250.236568542336,GB0 1_to_GB0 9,123.03247749166655,0.007689529843229159,10250.236568542336,5844.604869985042,0.95,0,0,GB0 1,GB0 9,-0.4720178099735996,53.45202884546524,-1.457966915427565,54.11853474215842
,,103,0,0,0,0,0,0,0,0,0,0,0,0,0,0,0,0,0,0,0,0,0,0,0,0,0,0,0,0,0,0,0,0,0,0,0,0,0,0,0,0,0,0,0,0,0,0,0,0,0,0,0,1,0,0,0,0,-1,0,0,0,0,0,0,0,0,0,0,0,0,0,0,0,0,0,0,0,4754.687312873477,GB0 10_to_GB0 4,122.6510060576338,0.007665687878602112,4754.687312873477,5826.483233758874,0.95,0,0,GB0 10,GB0 4,-3.89328033333334,53.07477866666667,-2.583252000000002,53.481137
,,104,0,0,0,0,0,0,0,0,0,0,0,0,0,0,0,0,0,0,0,0,0,0,0,0,0,0,0,0,0,0,0,0,0,0,0,0,0,0,0,0,0,0,0,0,0,0,0,0,0,0,0,0,1,0,0,0,0,0,-1,0,0,0,0,0,0,0,0,0,0,0,0,0,0,0,0,0,9509.374625746954,GB0 11_to_GB0 6,136.08721496817108,0.008505450935510693,9509.374625746954,6464.764552916913,0.95,0,0,GB0 11,GB0 6,-4.315338333333333,50.759446833333335,-3.3146490483229205,51.51069342086891
,,105,0,0,0,0,0,0,0,0,0,0,0,0,0,0,0,0,0,0,0,0,0,0,0,0,0,0,0,0,0,0,0,0,0,0,0,0,0,0,0,0,0,0,0,0,0,0,0,0,0,0,0,0,0,1,-1,0,0,0,0,0,0,0,0,0,0,0,0,0,0,0,0,0,0,0,0,0,1481.7238855907653,GB0 12_to_GB0 2,179.8270899377385,0.011239193121108654,1481.7238855907653,8542.608480565905,0.95,0,0,GB0 12,GB0 2,-4.583752345871128,56.63473439448657,-2.523868924058204,57.2769448938867
,,106,0,0,0,0,0,0,0,0,0,0,0,0,0,0,0,0,0,0,0,0,0,0,0,0,0,0,0,0,0,0,0,0,0,0,0,0,0,0,0,0,0,0,0,0,0,0,0,0,0,0,0,0,0,1,0,0,0,-1,0,0,0,0,0,0,0,0,0,0,0,0,0,0,0,0,0,0,8165.944969477993,GB0 12_to_GB0 5,139.72096472341332,0.008732560295213332,8165.944969477993,6637.384270480792,0.95,0,0,GB0 12,GB0 5,-4.583752345871128,56.63473439448657,-3.699947107555958,55.75794503495423
,,107,0,0,0,0,0,0,0,0,0,0,0,0,0,0,0,0,0,0,0,0,0,0,0,0,0,0,0,0,0,0,0,0,0,0,0,0,0,0,0,0,0,0,0,0,0,0,0,0,0,0,0,0,0,0,1,0,0,-1,0,0,0,0,0,0,0,0,0,0,0,0,0,0,0,0,0,0,2963.4477711815307,GB0 2_to_GB0 5,229.57642254992288,0.014348526409370179,2963.4477711815307,10905.929106076135,0.95,0,0,GB0 2,GB0 5,-2.523868924058204,57.2769448938867,-3.699947107555958,55.75794503495423
,,108,0,0,0,0,0,0,0,0,0,0,0,0,0,0,0,0,0,0,0,0,0,0,0,0,0,0,0,0,0,0,0,0,0,0,0,0,0,0,0,0,0,0,0,0,0,0,0,0,0,0,0,0,0,0,0,1,0,0,0,-1,0,0,0,0,0,0,0,0,0,0,0,0,0,0,0,0,19311.801308866303,GB0 3_to_GB0 7,79.04264239472442,0.004940165149670276,19311.801308866303,3754.886694108746,0.95,0,0,GB0 3,GB0 7,-0.2469460565586441,51.61425294670557,0.6575011666666645,51.528312166666666
,,109,0,0,0,0,0,0,0,0,0,0,0,0,0,0,0,0,0,0,0,0,0,0,0,0,0,0,0,0,0,0,0,0,0,0,0,0,0,0,0,0,0,0,0,0,0,0,0,0,0,0,0,0,0,0,0,1,0,0,0,0,-1,0,0,0,0,0,0,0,0,0,0,0,0,0,0,0,9509.374625746954,GB0 3_to_GB0 8,113.42916934460632,0.007089323084037895,9509.374625746954,5388.403851289982,0.95,0,0,GB0 3,GB0 8,-0.2469460565586441,51.61425294670557,-1.4383506875000005,51.275725375
,,110,0,0,0,0,0,0,0,0,0,0,0,0,0,0,0,0,0,0,0,0,0,0,0,0,0,0,0,0,0,0,0,0,0,0,0,0,0,0,0,0,0,0,0,0,0,0,0,0,0,0,0,0,0,0,0,0,1,-1,0,0,0,0,0,0,0,0,0,0,0,0,0,0,0,0,0,0,2377.3436564367385,GB0 4_to_GB0 5,328.9635605988085,0.02056022253742553,2377.3436564367385,15627.27230664476,0.95,0,0,GB0 4,GB0 5,-2.583252000000002,53.481137,-3.699947107555958,55.75794503495423
,,111,0,0,0,0,0,0,0,0,0,0,0,0,0,0,0,0,0,0,0,0,0,0,0,0,0,0,0,0,0,0,0,0,0,0,0,0,0,0,0,0,0,0,0,0,0,0,0,0,0,0,0,0,0,0,0,0,1,0,0,0,0,-1,0,0,0,0,0,0,0,0,0,0,0,0,0,0,6684.221083887228,GB0 4_to_GB0 9,127.9899049912176,0.0079993690619511,6684.221083887228,6080.105328865389,0.95,0,0,GB0 4,GB0 9,-2.583252000000002,53.481137,-1.457966915427565,54.11853474215842
,,112,0,0,0,0,0,0,0,0,0,0,0,0,0,0,0,0,0,0,0,0,0,0,0,0,0,0,0,0,0,0,0,0,0,0,0,0,0,0,0,0,0,0,0,0,0,0,0,0,0,0,0,0,0,0,0,0,0,1,0,0,0,-1,0,0,0,0,0,0,0,0,0,0,0,0,0,0,3859.0675420275034,GB0 5_to_GB0 9,289.7434376662303,0.018108964854139393,3859.0675420275034,13764.137253474064,0.95,0,0,GB0 5,GB0 9,-3.699947107555958,55.75794503495423,-1.457966915427565,54.11853474215842
,,113,0,0,0,0,0,0,0,0,0,0,0,0,0,0,0,0,0,0,0,0,0,0,0,0,0,0,0,0,0,0,0,0,0,0,0,0,0,0,0,0,0,0,0,0,0,0,0,0,0,0,0,0,0,0,0,0,0,0,1,0,-1,0,0,0,0,0,0,0,0,0,0,0,0,0,0,0,8613.754854900979,GB0 6_to_GB0 8,165.96789341455607,0.010372993338409756,8613.754854900979,7884.233316992056,0.95,0,0,GB0 6,GB0 8,-3.3146490483229205,51.51069342086891,-1.4383506875000005,51.275725375
,,114,0,0,0,0,0,0,0,0,0,0,0,0,0,0,0,0,0,0,0,0,0,0,0,0,0,0,0,0,0,0,0,0,0,0,0,0,0,0,0,0,0,0,0,0,0,0,0,0,0,0,0,0,0,0,0,0,0,0,0,0,0,0,0,1,0,0,0,0,0,0,0,-1,0,0,0,0,2377.3436564367385,IT1 0_to_IT1 6,353.9390251636964,0.022121189072731022,2377.3436564367385,16813.72099728394,0.95,0,0,IT1 0,IT1 6,16.319274888888888,39.05643655555556,14.454193055555557,41.166062
,,115,0,0,0,0,0,0,0,0,0,0,0,0,0,0,0,0,0,0,0,0,0,0,0,0,0,0,0,0,0,0,0,0,0,0,0,0,0,0,0,0,0,0,0,0,0,0,0,0,0,0,0,0,0,0,0,0,0,0,0,0,0,0,0,1,0,0,0,0,0,0,0,0,-1,0,0,0,1188.6718282183692,IT1 0_to_IT1 7,233.3609598607713,0.014585059991298206,1188.6718282183692,11085.71192154551,0.95,0,0,IT1 0,IT1 7,16.319274888888888,39.05643655555556,17.06463909090909,40.63484909090909
,,116,0,0,0,0,0,0,0,0,0,0,0,0,0,0,0,0,0,0,0,0,0,0,0,0,0,0,0,0,0,0,0,0,0,0,0,0,0,0,0,0,0,0,0,0,0,0,0,0,0,0,0,0,0,0,0,0,0,0,0,0,0,0,0,1,0,0,0,0,0,0,0,0,0,-1,0,0,2377.3436564367385,IT1 0_to_IT1 8,288.01517460509393,0.018000948412818372,2377.3436564367385,13682.036860881244,0.95,0,0,IT1 0,IT1 8,16.319274888888888,39.05643655555556,14.363851625,37.662461375
,,117,0,0,0,0,0,0,0,0,0,0,0,0,0,0,0,0,0,0,0,0,0,0,0,0,0,0,0,0,0,0,0,0,0,0,0,0,0,0,0,0,0,0,0,0,0,0,0,0,0,0,0,0,0,0,0,0,0,0,0,0,0,0,0,0,1,-1,0,0,0,0,0,0,0,0,0,0,5551.525491346733,IT1 1_to_IT1 10,249.9286247244626,0.015620539045278912,5551.525491346733,11872.751707468457,0.95,0,0,IT1 1,IT1 10,9.230556359507956,45.29415845141039,10.77633958485252,43.87238187528471
,,118,0,0,0,0,0,0,0,0,0,0,0,0,0,0,0,0,0,0,0,0,0,0,0,0,0,0,0,0,0,0,0,0,0,0,0,0,0,0,0,0,0,0,0,0,0,0,0,0,0,0,0,0,0,0,0,0,0,0,0,0,0,0,0,0,1,0,0,0,0,0,-1,0,0,0,0,0,10312.79824371172,IT1 1_to_IT1 5,140.941699376702,0.008808856211043874,10312.79824371172,6695.374744581856,0.95,0,0,IT1 1,IT1 5,9.230556359507956,45.29415845141039,7.804870668635753,45.153095876777606
,,119,0,0,0,0,0,0,0,0,0,0,0,0,0,0,0,0,0,0,0,0,0,0,0,0,0,0,0,0,0,0,0,0,0,0,0,0,0,0,0,0,0,0,0,0,0,0,0,0,0,0,0,0,0,0,0,0,0,0,0,0,0,0,0,0,1,0,0,0,0,0,0,0,0,0,-1,0,6348.36366981999,IT1 1_to_IT1 9,166.6388703713588,0.010414929398209925,6348.36366981999,7916.107788426987,0.95,0,0,IT1 1,IT1 9,9.230556359507956,45.29415845141039,10.871049384222868,45.6311041992224
,,120,0,0,0,0,0,0,0,0,0,0,0,0,0,0,0,0,0,0,0,0,0,0,0,0,0,0,0,0,0,0,0,0,0,0,0,0,0,0,0,0,0,0,0,0,0,0,0,0,0,0,0,0,0,0,0,0,0,0,0,0,0,0,0,0,0,1,-1,0,0,0,0,0,0,0,0,0,3566.015484655108,IT1 10_to_IT1 11,168.1611022141201,0.010510068888382507,3566.015484655108,7988.420756700356,0.95,0,0,IT1 10,IT1 11,10.77633958485252,43.87238187528471,12.063540710654646,44.65601434632738
,,121,0,0,0,0,0,0,0,0,0,0,0,0,0,0,0,0,0,0,0,0,0,0,0,0,0,0,0,0,0,0,0,0,0,0,0,0,0,0,0,0,0,0,0,0,0,0,0,0,0,0,0,0,0,0,0,0,0,0,0,0,0,0,0,0,0,1,0,0,0,-1,0,0,0,0,0,0,3964.4345738917345,IT1 10_to_IT1 4,302.78301616664066,0.01892393851041504,3964.4345738917345,14383.576815773478,0.95,0,0,IT1 10,IT1 4,10.77633958485252,43.87238187528471,12.355585,42.0258570625
,,122,0,0,0,0,0,0,0,0,0,0,0,0,0,0,0,0,0,0,0,0,0,0,0,0,0,0,0,0,0,0,0,0,0,0,0,0,0,0,0,0,0,0,0,0,0,0,0,0,0,0,0,0,0,0,0,0,0,0,0,0,0,0,0,0,0,1,0,0,0,0,0,0,0,0,-1,0,1985.510006691625,IT1 10_to_IT1 9,244.62989086389732,0.015289368178993583,1985.510006691625,11621.037636862078,0.95,0,0,IT1 10,IT1 9,10.77633958485252,43.87238187528471,10.871049384222868,45.6311041992224
,,123,0,0,0,0,0,0,0,0,0,0,0,0,0,0,0,0,0,0,0,0,0,0,0,0,0,0,0,0,0,0,0,0,0,0,0,0,0,0,0,0,0,0,0,0,0,0,0,0,0,0,0,0,0,0,0,0,0,0,0,0,0,0,0,0,0,0,1,-1,0,0,0,0,0,0,0,0,1188.6718282183692,IT1 11_to_IT1 2,323.2086392569206,0.02020053995355754,1188.6718282183692,15353.887246155691,0.95,0,0,IT1 11,IT1 2,12.063540710654646,44.65601434632738,13.576105363636362,42.604392454545454
,,124,0,0,0,0,0,0,0,0,0,0,0,0,0,0,0,0,0,0,0,0,0,0,0,0,0,0,0,0,0,0,0,0,0,0,0,0,0,0,0,0,0,0,0,0,0,0,0,0,0,0,0,0,0,0,0,0,0,0,0,0,0,0,0,0,0,0,1,0,-1,0,0,0,0,0,0,0,5949.944580583361,IT1 11_to_IT1 3,189.9945577765058,0.011874659861031612,5949.944580583361,9025.60966250911,0.95,0,0,IT1 11,IT1 3,12.063540710654646,44.65601434632738,12.849557095238094,45.90608157142857
,,125,0,0,0,0,0,0,0,0,0,0,0,0,0,0,0,0,0,0,0,0,0,0,0,0,0,0,0,0,0,0,0,0,0,0,0,0,0,0,0,0,0,0,0,0,0,0,0,0,0,0,0,0,0,0,0,0,0,0,0,0,0,0,0,0,0,0,1,0,0,0,0,0,0,0,-1,0,2775.7627456733667,IT1 11_to_IT1 9,178.98224449440104,0.011186390280900065,2775.7627456733667,8502.474461539514,0.95,0,0,IT1 11,IT1 9,12.063540710654646,44.65601434632738,10.871049384222868,45.6311041992224
,,126,0,0,0,0,0,0,0,0,0,0,0,0,0,0,0,0,0,0,0,0,0,0,0,0,0,0,0,0,0,0,0,0,0,0,0,0,0,0,0,0,0,0,0,0,0,0,0,0,0,0,0,0,0,0,0,0,0,0,0,0,0,0,0,0,0,0,0,1,0,-1,0,0,0,0,0,0,1587.0909174549972,IT1 2_to_IT1 4,149.0024821018915,0.00931265513136822,1587.0909174549972,7078.298757265622,0.95,0,0,IT1 2,IT1 4,13.576105363636362,42.604392454545454,12.355585,42.0258570625
,,127,0,0,0,0,0,0,0,0,0,0,0,0,0,0,0,0,0,0,0,0,0,0,0,0,0,0,0,0,0,0,0,0,0,0,0,0,0,0,0,0,0,0,0,0,0,0,0,0,0,0,0,0,0,0,0,0,0,0,0,0,0,0,0,0,0,0,0,1,0,0,0,-1,0,0,0,0,1587.0909174549972,IT1 2_to_IT1 6,219.5953152359058,0.013724707202244111,1587.0909174549972,10431.780900621205,0.95,0,0,IT1 2,IT1 6,13.576105363636362,42.604392454545454,14.454193055555557,41.166062
,,128,0,0,0,0,0,0,0,0,0,0,0,0,0,0,0,0,0,0,0,0,0,0,0,0,0,0,0,0,0,0,0,0,0,0,0,0,0,0,0,0,0,0,0,0,0,0,0,0,0,0,0,0,0,0,0,0,0,0,0,0,0,0,0,0,0,0,0,0,1,0,0,0,0,0,-1,0,1587.0909174549972,IT1 3_to_IT1 9,195.59336340229305,0.012224585212643316,1587.0909174549972,9291.578513122491,0.95,0,0,IT1 3,IT1 9,12.849557095238094,45.90608157142857,10.871049384222868,45.6311041992224
,,129,0,0,0,0,0,0,0,0,0,0,0,0,0,0,0,0,0,0,0,0,0,0,0,0,0,0,0,0,0,0,0,0,0,0,0,0,0,0,0,0,0,0,0,0,0,0,0,0,0,0,0,0,0,0,0,0,0,0,0,0,0,0,0,0,0,0,0,0,0,1,0,-1,0,0,0,0,3566.015484655108,IT1 4_to_IT1 6,248.7206644595887,0.015545041528724294,3566.015484655108,11815.368075188848,0.95,0,0,IT1 4,IT1 6,12.355585,42.0258570625,14.454193055555557,41.166062
,,130,0,0,0,0,0,0,0,0,0,0,0,0,0,0,0,0,0,0,0,0,0,0,0,0,0,0,0,0,0,0,0,0,0,0,0,0,0,0,0,0,0,0,0,0,0,0,0,0,0,0,0,0,0,0,0,0,0,0,0,0,0,0,0,0,0,0,0,0,0,0,0,1,-1,0,0,0,3566.015484655108,IT1 6_to_IT1 7,284.0010086284025,0.017750063039275156,3566.015484655108,13491.345634510646,0.95,0,0,IT1 6,IT1 7,14.454193055555557,41.166062,17.06463909090909,40.63484909090909
,,131,0,0,0,0,0,0,0,0,0,0,0,0,0,0,0,0,0,0,0,0,0,-1,0,0,0,0,0,0,0,1,0,0,0,0,0,0,0,0,0,0,0,0,0,0,0,0,0,0,0,0,0,0,0,0,0,0,0,0,0,0,0,0,0,0,0,0,0,0,0,0,0,0,0,0,0,0,400.0,ES4 0_to_ES1 1,376.9333562042837,0.02355833476276773,400.0,72611.01243594849,0.95,0,0,ES4 0,ES1 1,2.7388916,39.6729018,-0.498247313630633,40.78999490093028
,,132,0,0,0,0,0,0,0,0,0,0,0,0,0,0,0,0,0,0,0,0,0,0,0,0,0,0,0,0,0,0,0,0,0,0,0,0,0,0,0,0,0,0,0,0,0,0,0,0,0,0,0,0,0,0,0,0,0,0,0,0,0,0,0,0,0,0,0,0,0,1,0,0,0,0,0,-1,1000.0,IT1 4_to_IT3 0,474.4609409903248,0.029653808811895298,1000.0,135047.29177809693,0.95,0,0,IT1 4,IT3 0,12.355585,42.0258570625,8.745975499999998,39.9681955
,,133,0,0,0,0,0,0,0,0,0,0,0,0,0,0,0,0,0,0,0,0,0,0,0,0,-1,0,0,0,0,0,0,0,0,0,0,0,0,0,0,0,0,0,0,0,0,1,0,0,0,0,0,0,0,0,0,0,0,0,0,0,0,0,0,0,0,0,0,0,0,0,0,0,0,0,0,0,2000.0,FR1 6_to_ES1 4,253.416960921022,0.015838560057563875,2000.0,24313.17656877107,0.95,0,0,FR1 6,ES1 4,1.729674828609724,43.51121310716024,1.53223151519779,41.69378610486426
,,134,0,0,0,0,0,0,0,0,0,0,0,0,0,0,0,0,0,0,0,0,0,0,0,0,0,0,0,0,0,0,0,0,0,0,0,0,0,0,0,0,0,0,-1,0,0,0,0,0,0,0,0,0,0,0,0,0,0,0,0,1,0,0,0,0,0,0,0,0,0,0,0,0,0,0,0,0,2000.0,GB0 7_to_FR1 3,207.38738922833235,0.012961711826770772,2000.0,32114.584366844087,0.95,0,0,GB0 7,FR1 3,0.6575011666666645,51.528312166666666,2.4240286159588798,50.53222179402777
,,135,0,0,0,0,0,0,0,0,0,0,0,0,0,0,0,0,0,0,0,0,0,0,0,0,0,0,0,0,0,0,0,0,0,0,0,0,0,0,0,0,0,0,0,0,0,0,0,0,0,0,0,0,0,0,0,0,0,1,0,0,0,0,-1,0,0,0,0,0,0,0,0,0,0,0,0,0,2501.0,GB0 5_to_GB5 0,243.01197984460177,0.01518824874028761,2501.0,33539.13705195943,0.95,0,0,GB0 5,GB5 0,-3.699947107555958,55.75794503495423,-6.097540942585512,54.668778749066895
,,136,0,0,0,0,0,0,0,0,0,0,0,0,0,0,0,0,0,0,0,0,0,0,0,0,0,0,0,0,0,0,0,0,0,0,0,0,0,0,0,0,0,0,0,0,0,0,0,0,0,0,0,0,0,0,0,0,0,1,0,0,0,0,-1,0,0,0,0,0,0,0,0,0,0,0,0,0,250.0,GB0 5_to_GB5 0,243.01197984460177,0.01518824874028761,250.0,31327.28474021644,0.95,0,0,GB0 5,GB5 0,-3.699947107555958,55.75794503495423,-6.097540942585512,54.668778749066895
,,137,0,0,0,0,0,0,0,0,0,0,0,0,0,0,0,0,0,0,0,0,0,0,0,0,0,0,1,0,0,0,0,0,0,-1,0,0,0,0,0,0,0,0,0,0,0,0,0,0,0,0,0,0,0,0,0,0,0,0,0,0,0,0,0,0,0,0,0,0,0,0,0,0,0,0,0,0,0.0,ES1 6_to_FR1 11,473.01937163833134,0.029563710727395706,-1.0,80345.74438471383,0.95,0,0,ES1 6,FR1 11,-2.8968013540051976,42.7648961811579,-0.1477868720375819,45.53878517204548
,,138,0,0,0,0,0,0,0,0,0,0,0,0,0,0,0,0,0,0,0,0,0,0,0,0,0,0,0,0,0,0,0,0,0,0,0,0,1,0,0,0,0,0,0,0,0,0,0,0,0,0,0,0,0,0,0,0,0,0,0,0,-1,0,0,0,0,0,0,0,0,0,0,0,0,0,0,0,0.0,FR1 14_to_GB0 8,376.2715917603242,0.023516974485020263,-1.0,66813.56805662319,0.95,0,0,FR1 14,GB0 8,0.5904750041596424,48.901817147533365,-1.4383506875000005,51.275725375
,,139,0,0,0,0,0,0,1,0,0,0,0,0,0,0,-1,0,0,0,0,0,0,0,0,0,0,0,0,0,0,0,0,0,0,0,0,0,0,0,0,0,0,0,0,0,0,0,0,0,0,0,0,0,0,0,0,0,0,0,0,0,0,0,0,0,0,0,0,0,0,0,0,0,0,0,0,0,0.0,DE1 14_to_DE1 4,399.5577983771517,0.024972362398571982,-1.0,40711.41600734202,0.95,0,0,DE1 14,DE1 4,11.750300384615384,51.22456746153846,11.399736085399406,48.35883243095018
,,140,0,0,0,0,0,0,0,0,1,0,0,0,0,0,0,0,0,0,-1,0,0,0,0,0,0,0,0,0,0,0,0,0,0,0,0,0,0,0,0,0,0,0,0,0,0,0,0,0,0,0,0,0,0,0,0,0,0,0,0,0,0,0,0,0,0,0,0,0,0,0,0,0,0,0,0,0,0.0,DE1 16_to_DE1 8,220.5950436523095,0.013787190228269344,-1.0,30141.106131494787,0.95,0,0,DE1 16,DE1 8,7.383087924978485,52.70033777690464,6.782045751405716,51.15711694730057
,,141,0,0,0,0,0,0,0,0,0,0,0,0,0,0,0,0,0,0,0,0,0,0,0,0,0,0,0,0,0,0,0,0,0,0,0,0,0,0,0,0,0,-1,0,0,0,0,0,0,0,0,0,0,0,0,0,0,0,0,1,0,0,0,0,0,0,0,0,0,0,0,0,0,0,0,0,0,0.0,GB0 6_to_FR1 2,582.4991866367234,0.03640619916479521,-1.0,61155.16386087,0.95,0,0,GB0 6,FR1 2,-3.3146490483229205,51.51069342086891,-1.259489522917447,47.53739282689119
,,142,-1,0,0,0,0,0,0,0,0,0,0,0,0,0,0,1,0,0,0,0,0,0,0,0,0,0,0,0,0,0,0,0,0,0,0,0,0,0,0,0,0,0,0,0,0,0,0,0,0,0,0,0,0,0,0,0,0,0,0,0,0,0,0,0,0,0,0,0,0,0,0,0,0,0,0,0,0.0,DE1 5_to_DE1 0,637.9315281296251,0.039870720508101566,-1.0,45946.64147266282,0.95,0,0,DE1 5,DE1 0,9.656115621028528,53.772222705953226,8.585665971628911,49.23105928069339
,,143,0,0,0,0,0,0,0,0,0,0,0,0,0,0,0,0,0,0,0,0,0,0,0,0,0,0,0,0,0,0,0,0,0,0,0,0,-1,0,0,0,0,0,0,0,0,0,0,0,0,0,0,0,0,0,0,0,0,0,0,0,1,0,0,0,0,0,0,0,0,0,0,0,0,0,0,0,0.0,GB0 8_to_FR1 14,376.2715917603242,0.023516974485020263,-1.0,65001.721111384686,0.95,0,0,GB0 8,FR1 14,-1.4383506875000005,51.275725375,0.5904750041596424,48.901817147533365
,,144,-1,0,0,0,0,0,0,0,0,0,0,0,0,0,0,0,0,0,1,0,0,0,0,0,0,0,0,0,0,0,0,0,0,0,0,0,0,0,0,0,0,0,0,0,0,0,0,0,0,0,0,0,0,0,0,0,0,0,0,0,0,0,0,0,0,0,0,0,0,0,0,0,0,0,0,0,0.0,DE1 8_to_DE1 0,312.1080783473017,0.019506754896706356,-1.0,29167.80563419837,0.95,0,0,DE1 8,DE1 0,6.782045751405716,51.15711694730057,8.585665971628911,49.23105928069339
,,145,0,0,0,0,0,0,0,0,0,0,0,0,0,0,0,0,0,0,0,0,0,0,0,0,0,0,0,0,0,0,0,0,0,0,0,0,0,0,0,0,0,0,-1,0,0,0,0,0,0,0,0,0,0,0,0,0,0,0,0,1,0,0,0,0,0,0,0,0,0,0,0,0,0,0,0,0,0.0,GB0 7_to_FR1 3,207.38738922833235,0.012961711826770772,-1.0,43371.513989617066,0.95,0,0,GB0 7,FR1 3,0.6575011666666645,51.528312166666666,2.4240286159588798,50.53222179402777
,,146,0,0,-1,0,0,0,0,0,0,0,0,0,0,0,0,0,0,0,0,0,0,0,0,0,0,0,0,0,0,0,0,0,0,0,0,0,0,0,0,0,0,0,0,0,0,0,0,0,0,0,0,0,0,0,0,0,0,0,0,1,0,0,0,0,0,0,0,0,0,0,0,0,0,0,0,0,0.0,GB0 7_to_DE1 10,699.3777780206126,0.04371111112628829,-1.0,124857.4205117453,0.95,0,0,GB0 7,DE1 10,0.6575011666666645,51.528312166666666,8.442956595095849,53.183449756764006
,,147,0,0,0,0,0,0,0,0,0,0,0,0,0,0,0,0,0,0,0,0,0,0,0,0,0,0,0,0,0,0,0,0,0,0,0,0,0,0,0,0,0,0,0,0,0,0,0,0,0,0,0,0,0,0,0,0,0,0,0,0,0,0,0,0,0,-1,0,0,0,0,0,0,0,0,0,1,300.0,IT3 0_to_IT1 10,581.8157278852775,0.03636348299282985,300.0,8350.61205785353,0.95,0,0,IT3 0,IT1 10,8.745975499999998,39.9681955,10.77633958485252,43.87238187528471
