H2_Pipelines,z1,z2,z3,z4,z5,z6,z7,z8,z9,z10,z11,z12,z13,z14,z15,z16,z17,z18,z19,z20,z21,z22,z23,z24,z25,z26,z27,z28,z29,z30,z31,z32,z33,z34,z35,z36,z37,z38,z39,z40,z41,z42,z43,z44,z45,z46,z47,z48,z49,z50,z51,z52,z53,z54,z55,z56,z57,z58,z59,z60,z61,z62,z63,z64,z65,z66,z67,z68,z69,z70,z71,z72,z73,z74,z75,z76,Max_No_Pipe,Existing_No_Pipe,Max_Flow_Tonne_p_Hr_Per_Pipe,H2Pipe_Inv_Cost_per_mile_yr,Pipe_length_miles,H2PipeCap_tonne_per_mile,Min_pipecap_stor_frac,len_bw_comp_mile,BoosterCompCapex_per_tonne_p_hr_yr,BoosterCompEnergy_MWh_per_tonne,H2PipeCompCapex,H2PipeCompEnergy,bus0,bus1,bus0_x,bus0_y,bus1_x,bus1_y
1,1,0,0,-1,0,0,0,0,0,0,0,0,0,0,0,0,0,0,0,0,0,0,0,0,0,0,0,0,0,0,0,0,0,0,0,0,0,0,0,0,0,0,0,0,0,0,0,0,0,0,0,0,0,0,0,0,0,0,0,0,0,0,0,0,0,0,0,0,0,0,0,0,0,0,0,0,20.0,0.0,20.2,74087.0,192.83977018343904,0.36,0.0,100.0,56959.0,0.15,160234.0,0.54,DE1 0,DE1 11,8.585665971628911,49.23105928069339,8.05974729506191,47.888021872066325
2,1,0,0,0,-1,0,0,0,0,0,0,0,0,0,0,0,0,0,0,0,0,0,0,0,0,0,0,0,0,0,0,0,0,0,0,0,0,0,0,0,0,0,0,0,0,0,0,0,0,0,0,0,0,0,0,0,0,0,0,0,0,0,0,0,0,0,0,0,0,0,0,0,0,0,0,0,20.0,0.0,20.2,74087.0,140.56480167516264,0.36,0.0,100.0,56959.0,0.15,160234.0,0.54,DE1 0,DE1 12,8.585665971628911,49.23105928069339,9.580929922241054,48.46048443999676
3,1,0,0,0,0,0,0,0,0,0,-1,0,0,0,0,0,0,0,0,0,0,0,0,0,0,0,0,0,0,0,0,0,0,0,0,0,0,0,0,0,0,0,0,0,0,0,0,0,0,0,0,0,0,0,0,0,0,0,0,0,0,0,0,0,0,0,0,0,0,0,0,0,0,0,0,0,20.0,0.0,20.2,74087.0,163.12173380258994,0.36,0.0,100.0,56959.0,0.15,160234.0,0.54,DE1 0,DE1 18,8.585665971628911,49.23105928069339,6.961294780838478,49.74481058636263
4,1,0,0,0,0,0,0,0,0,0,0,0,0,0,0,0,0,-1,0,0,0,0,0,0,0,0,0,0,0,0,0,0,0,0,0,0,0,0,0,0,0,0,0,0,0,0,0,0,0,0,0,0,0,0,0,0,0,0,0,0,0,0,0,0,0,0,0,0,0,0,0,0,0,0,0,0,20.0,0.0,20.2,74087.0,117.90022256580347,0.36,0.0,100.0,56959.0,0.15,160234.0,0.54,DE1 0,DE1 7,8.585665971628911,49.23105928069339,8.614807726224376,50.079091212058565
5,0,1,0,0,0,0,-1,0,0,0,0,0,0,0,0,0,0,0,0,0,0,0,0,0,0,0,0,0,0,0,0,0,0,0,0,0,0,0,0,0,0,0,0,0,0,0,0,0,0,0,0,0,0,0,0,0,0,0,0,0,0,0,0,0,0,0,0,0,0,0,0,0,0,0,0,0,20.0,0.0,20.2,74087.0,176.6681518032778,0.36,0.0,100.0,56959.0,0.15,160234.0,0.54,DE1 1,DE1 14,9.745630895271958,51.04223934252158,11.750300384615384,51.22456746153846
6,0,1,0,0,0,0,0,-1,0,0,0,0,0,0,0,0,0,0,0,0,0,0,0,0,0,0,0,0,0,0,0,0,0,0,0,0,0,0,0,0,0,0,0,0,0,0,0,0,0,0,0,0,0,0,0,0,0,0,0,0,0,0,0,0,0,0,0,0,0,0,0,0,0,0,0,0,20.0,0.0,20.2,74087.0,172.81229164524115,0.36,0.0,100.0,56959.0,0.15,160234.0,0.54,DE1 1,DE1 15,9.745630895271958,51.04223934252158,10.358713631896448,52.22589869741621
7,0,1,0,0,0,0,0,0,0,0,0,0,0,0,0,0,0,-1,0,0,0,0,0,0,0,0,0,0,0,0,0,0,0,0,0,0,0,0,0,0,0,0,0,0,0,0,0,0,0,0,0,0,0,0,0,0,0,0,0,0,0,0,0,0,0,0,0,0,0,0,0,0,0,0,0,0,20.0,0.0,20.2,74087.0,167.00251144715912,0.36,0.0,100.0,56959.0,0.15,160234.0,0.54,DE1 1,DE1 7,9.745630895271958,51.04223934252158,8.614807726224376,50.079091212058565
8,0,1,0,0,0,0,0,0,0,0,0,0,0,0,0,0,0,0,0,-1,0,0,0,0,0,0,0,0,0,0,0,0,0,0,0,0,0,0,0,0,0,0,0,0,0,0,0,0,0,0,0,0,0,0,0,0,0,0,0,0,0,0,0,0,0,0,0,0,0,0,0,0,0,0,0,0,20.0,0.0,20.2,74087.0,161.31928818922682,0.36,0.0,100.0,56959.0,0.15,160234.0,0.54,DE1 1,DE1 9,9.745630895271958,51.04223934252158,8.718996773319988,52.01133541053488
9,0,0,1,0,0,0,0,0,-1,0,0,0,0,0,0,0,0,0,0,0,0,0,0,0,0,0,0,0,0,0,0,0,0,0,0,0,0,0,0,0,0,0,0,0,0,0,0,0,0,0,0,0,0,0,0,0,0,0,0,0,0,0,0,0,0,0,0,0,0,0,0,0,0,0,0,0,20.0,0.0,20.2,74087.0,111.30920270358725,0.36,0.0,100.0,56959.0,0.15,160234.0,0.54,DE1 10,DE1 16,8.442956595095849,53.183449756764006,7.383087924978485,52.70033777690464
10,0,0,1,0,0,0,0,0,0,0,0,0,0,0,0,-1,0,0,0,0,0,0,0,0,0,0,0,0,0,0,0,0,0,0,0,0,0,0,0,0,0,0,0,0,0,0,0,0,0,0,0,0,0,0,0,0,0,0,0,0,0,0,0,0,0,0,0,0,0,0,0,0,0,0,0,0,20.0,0.0,20.2,74087.0,129.48686174027887,0.36,0.0,100.0,56959.0,0.15,160234.0,0.54,DE1 10,DE1 5,8.442956595095849,53.183449756764006,9.656115621028528,53.772222705953226
11,0,0,1,0,0,0,0,0,0,0,0,0,0,0,0,0,0,0,0,-1,0,0,0,0,0,0,0,0,0,0,0,0,0,0,0,0,0,0,0,0,0,0,0,0,0,0,0,0,0,0,0,0,0,0,0,0,0,0,0,0,0,0,0,0,0,0,0,0,0,0,0,0,0,0,0,0,20.0,0.0,20.2,74087.0,164.5745524589509,0.36,0.0,100.0,56959.0,0.15,160234.0,0.54,DE1 10,DE1 9,8.442956595095849,53.183449756764006,8.718996773319988,52.01133541053488
12,0,0,0,1,-1,0,0,0,0,0,0,0,0,0,0,0,0,0,0,0,0,0,0,0,0,0,0,0,0,0,0,0,0,0,0,0,0,0,0,0,0,0,0,0,0,0,0,0,0,0,0,0,0,0,0,0,0,0,0,0,0,0,0,0,0,0,0,0,0,0,0,0,0,0,0,0,20.0,0.0,20.2,74087.0,161.896381937343,0.36,0.0,100.0,56959.0,0.15,160234.0,0.54,DE1 11,DE1 12,8.05974729506191,47.888021872066325,9.580929922241054,48.46048443999676
13,0,0,0,1,0,0,0,0,0,0,0,0,0,0,0,0,0,0,0,0,0,0,0,0,0,0,0,0,0,0,0,0,0,0,0,0,0,0,0,-1,0,0,0,0,0,0,0,0,0,0,0,0,0,0,0,0,0,0,0,0,0,0,0,0,0,0,0,0,0,0,0,0,0,0,0,0,20.0,0.0,20.2,74087.0,91.499464775641,0.36,0.0,100.0,56959.0,0.15,160234.0,0.54,DE1 11,FR1 17,8.05974729506191,47.888021872066325,7.098681162538576,48.02632462435081
14,0,0,0,0,1,0,0,0,0,0,0,-1,0,0,0,0,0,0,0,0,0,0,0,0,0,0,0,0,0,0,0,0,0,0,0,0,0,0,0,0,0,0,0,0,0,0,0,0,0,0,0,0,0,0,0,0,0,0,0,0,0,0,0,0,0,0,0,0,0,0,0,0,0,0,0,0,20.0,0.0,20.2,74087.0,223.27805713822065,0.36,0.0,100.0,56959.0,0.15,160234.0,0.54,DE1 12,DE1 19,9.580929922241054,48.46048443999676,10.723084073001646,49.88281742234528
15,0,0,0,0,1,0,0,0,0,0,0,0,0,0,-1,0,0,0,0,0,0,0,0,0,0,0,0,0,0,0,0,0,0,0,0,0,0,0,0,0,0,0,0,0,0,0,0,0,0,0,0,0,0,0,0,0,0,0,0,0,0,0,0,0,0,0,0,0,0,0,0,0,0,0,0,0,20.0,0.0,20.2,74087.0,168.4000708436932,0.36,0.0,100.0,56959.0,0.15,160234.0,0.54,DE1 12,DE1 4,9.580929922241054,48.46048443999676,11.399736085399406,48.35883243095018
16,0,0,0,0,0,1,-1,0,0,0,0,0,0,0,0,0,0,0,0,0,0,0,0,0,0,0,0,0,0,0,0,0,0,0,0,0,0,0,0,0,0,0,0,0,0,0,0,0,0,0,0,0,0,0,0,0,0,0,0,0,0,0,0,0,0,0,0,0,0,0,0,0,0,0,0,0,20.0,0.0,20.2,74087.0,341.2673079559072,0.36,0.0,100.0,56959.0,0.15,160234.0,0.54,DE1 13,DE1 14,12.50484475,48.817594875,11.750300384615384,51.22456746153846
17,0,0,0,0,0,1,0,0,0,0,0,-1,0,0,0,0,0,0,0,0,0,0,0,0,0,0,0,0,0,0,0,0,0,0,0,0,0,0,0,0,0,0,0,0,0,0,0,0,0,0,0,0,0,0,0,0,0,0,0,0,0,0,0,0,0,0,0,0,0,0,0,0,0,0,0,0,20.0,0.0,20.2,74087.0,218.9607841598671,0.36,0.0,100.0,56959.0,0.15,160234.0,0.54,DE1 13,DE1 19,12.50484475,48.817594875,10.723084073001646,49.88281742234528
18,0,0,0,0,0,1,0,0,0,0,0,0,0,0,-1,0,0,0,0,0,0,0,0,0,0,0,0,0,0,0,0,0,0,0,0,0,0,0,0,0,0,0,0,0,0,0,0,0,0,0,0,0,0,0,0,0,0,0,0,0,0,0,0,0,0,0,0,0,0,0,0,0,0,0,0,0,20.0,0.0,20.2,74087.0,119.95314374032289,0.36,0.0,100.0,56959.0,0.15,160234.0,0.54,DE1 13,DE1 4,12.50484475,48.817594875,11.399736085399406,48.35883243095018
19,0,0,0,0,0,0,1,-1,0,0,0,0,0,0,0,0,0,0,0,0,0,0,0,0,0,0,0,0,0,0,0,0,0,0,0,0,0,0,0,0,0,0,0,0,0,0,0,0,0,0,0,0,0,0,0,0,0,0,0,0,0,0,0,0,0,0,0,0,0,0,0,0,0,0,0,0,20.0,0.0,20.2,74087.0,183.6383195155129,0.36,0.0,100.0,56959.0,0.15,160234.0,0.54,DE1 14,DE1 15,11.750300384615384,51.22456746153846,10.358713631896448,52.22589869741621
20,0,0,0,0,0,0,1,0,0,-1,0,0,0,0,0,0,0,0,0,0,0,0,0,0,0,0,0,0,0,0,0,0,0,0,0,0,0,0,0,0,0,0,0,0,0,0,0,0,0,0,0,0,0,0,0,0,0,0,0,0,0,0,0,0,0,0,0,0,0,0,0,0,0,0,0,0,20.0,0.0,20.2,74087.0,361.8439803613993,0.36,0.0,100.0,56959.0,0.15,160234.0,0.54,DE1 14,DE1 17,11.750300384615384,51.22456746153846,12.626970151251394,53.77264364752804
21,0,0,0,0,0,0,1,0,0,0,0,-1,0,0,0,0,0,0,0,0,0,0,0,0,0,0,0,0,0,0,0,0,0,0,0,0,0,0,0,0,0,0,0,0,0,0,0,0,0,0,0,0,0,0,0,0,0,0,0,0,0,0,0,0,0,0,0,0,0,0,0,0,0,0,0,0,20.0,0.0,20.2,74087.0,207.3815449374159,0.36,0.0,100.0,56959.0,0.15,160234.0,0.54,DE1 14,DE1 19,11.750300384615384,51.22456746153846,10.723084073001646,49.88281742234528
22,0,0,0,0,0,0,1,0,0,0,0,0,0,-1,0,0,0,0,0,0,0,0,0,0,0,0,0,0,0,0,0,0,0,0,0,0,0,0,0,0,0,0,0,0,0,0,0,0,0,0,0,0,0,0,0,0,0,0,0,0,0,0,0,0,0,0,0,0,0,0,0,0,0,0,0,0,20.0,0.0,20.2,74087.0,239.4673588320574,0.36,0.0,100.0,56959.0,0.15,160234.0,0.54,DE1 14,DE1 3,11.750300384615384,51.22456746153846,13.553525737215796,52.53973417915259
23,0,0,0,0,0,0,1,0,0,0,0,0,0,0,0,0,-1,0,0,0,0,0,0,0,0,0,0,0,0,0,0,0,0,0,0,0,0,0,0,0,0,0,0,0,0,0,0,0,0,0,0,0,0,0,0,0,0,0,0,0,0,0,0,0,0,0,0,0,0,0,0,0,0,0,0,0,20.0,0.0,20.2,74087.0,165.1248065363619,0.36,0.0,100.0,56959.0,0.15,160234.0,0.54,DE1 14,DE1 6,11.750300384615384,51.22456746153846,13.6417236,51.1474873
24,0,0,0,0,0,0,0,1,0,0,0,0,0,0,0,-1,0,0,0,0,0,0,0,0,0,0,0,0,0,0,0,0,0,0,0,0,0,0,0,0,0,0,0,0,0,0,0,0,0,0,0,0,0,0,0,0,0,0,0,0,0,0,0,0,0,0,0,0,0,0,0,0,0,0,0,0,20.0,0.0,20.2,74087.0,222.8170537351163,0.36,0.0,100.0,56959.0,0.15,160234.0,0.54,DE1 15,DE1 5,10.358713631896448,52.22589869741621,9.656115621028528,53.772222705953226
25,0,0,0,0,0,0,0,1,0,0,0,0,0,0,0,0,0,0,0,-1,0,0,0,0,0,0,0,0,0,0,0,0,0,0,0,0,0,0,0,0,0,0,0,0,0,0,0,0,0,0,0,0,0,0,0,0,0,0,0,0,0,0,0,0,0,0,0,0,0,0,0,0,0,0,0,0,20.0,0.0,20.2,74087.0,143.0825181967328,0.36,0.0,100.0,56959.0,0.15,160234.0,0.54,DE1 15,DE1 9,10.358713631896448,52.22589869741621,8.718996773319988,52.01133541053488
26,0,0,0,0,0,0,0,0,1,0,0,0,-1,0,0,0,0,0,0,0,0,0,0,0,0,0,0,0,0,0,0,0,0,0,0,0,0,0,0,0,0,0,0,0,0,0,0,0,0,0,0,0,0,0,0,0,0,0,0,0,0,0,0,0,0,0,0,0,0,0,0,0,0,0,0,0,20.0,0.0,20.2,74087.0,182.79538940010605,0.36,0.0,100.0,56959.0,0.15,160234.0,0.54,DE1 16,DE1 2,7.383087924978485,52.70033777690464,7.690041449570495,51.398817744468026
27,0,0,0,0,0,0,0,0,1,0,0,0,0,0,0,0,0,0,-1,0,0,0,0,0,0,0,0,0,0,0,0,0,0,0,0,0,0,0,0,0,0,0,0,0,0,0,0,0,0,0,0,0,0,0,0,0,0,0,0,0,0,0,0,0,0,0,0,0,0,0,0,0,0,0,0,0,20.0,0.0,20.2,74087.0,220.5950436523095,0.36,0.0,100.0,56959.0,0.15,160234.0,0.54,DE1 16,DE1 8,7.383087924978485,52.70033777690464,6.782045751405716,51.15711694730057
28,0,0,0,0,0,0,0,0,1,0,0,0,0,0,0,0,0,0,0,-1,0,0,0,0,0,0,0,0,0,0,0,0,0,0,0,0,0,0,0,0,0,0,0,0,0,0,0,0,0,0,0,0,0,0,0,0,0,0,0,0,0,0,0,0,0,0,0,0,0,0,0,0,0,0,0,0,20.0,0.0,20.2,74087.0,148.42885346805636,0.36,0.0,100.0,56959.0,0.15,160234.0,0.54,DE1 16,DE1 9,7.383087924978485,52.70033777690464,8.718996773319988,52.01133541053488
29,0,0,0,0,0,0,0,0,0,1,0,0,0,-1,0,0,0,0,0,0,0,0,0,0,0,0,0,0,0,0,0,0,0,0,0,0,0,0,0,0,0,0,0,0,0,0,0,0,0,0,0,0,0,0,0,0,0,0,0,0,0,0,0,0,0,0,0,0,0,0,0,0,0,0,0,0,20.0,0.0,20.2,74087.0,187.95892973661057,0.36,0.0,100.0,56959.0,0.15,160234.0,0.54,DE1 17,DE1 3,12.626970151251394,53.77264364752804,13.553525737215796,52.53973417915259
30,0,0,0,0,0,0,0,0,0,1,0,0,0,0,0,-1,0,0,0,0,0,0,0,0,0,0,0,0,0,0,0,0,0,0,0,0,0,0,0,0,0,0,0,0,0,0,0,0,0,0,0,0,0,0,0,0,0,0,0,0,0,0,0,0,0,0,0,0,0,0,0,0,0,0,0,0,20.0,0.0,20.2,74087.0,244.021272377514,0.36,0.0,100.0,56959.0,0.15,160234.0,0.54,DE1 17,DE1 5,12.626970151251394,53.77264364752804,9.656115621028528,53.772222705953226
31,0,0,0,0,0,0,0,0,0,0,1,0,0,0,0,0,0,-1,0,0,0,0,0,0,0,0,0,0,0,0,0,0,0,0,0,0,0,0,0,0,0,0,0,0,0,0,0,0,0,0,0,0,0,0,0,0,0,0,0,0,0,0,0,0,0,0,0,0,0,0,0,0,0,0,0,0,20.0,0.0,20.2,74087.0,155.11878475372552,0.36,0.0,100.0,56959.0,0.15,160234.0,0.54,DE1 18,DE1 7,6.961294780838478,49.74481058636263,8.614807726224376,50.079091212058565
32,0,0,0,0,0,0,0,0,0,0,1,0,0,0,0,0,0,0,-1,0,0,0,0,0,0,0,0,0,0,0,0,0,0,0,0,0,0,0,0,0,0,0,0,0,0,0,0,0,0,0,0,0,0,0,0,0,0,0,0,0,0,0,0,0,0,0,0,0,0,0,0,0,0,0,0,0,20.0,0.0,20.2,74087.0,196.9414297977336,0.36,0.0,100.0,56959.0,0.15,160234.0,0.54,DE1 18,DE1 8,6.961294780838478,49.74481058636263,6.782045751405716,51.15711694730057
33,0,0,0,0,0,0,0,0,0,0,1,0,0,0,0,0,0,0,0,0,0,0,0,0,0,0,0,0,0,0,0,0,0,0,0,0,0,0,0,0,0,0,0,-1,0,0,0,0,0,0,0,0,0,0,0,0,0,0,0,0,0,0,0,0,0,0,0,0,0,0,0,0,0,0,0,0,20.0,0.0,20.2,74087.0,152.59922659092277,0.36,0.0,100.0,56959.0,0.15,160234.0,0.54,DE1 18,FR1 4,6.961294780838478,49.74481058636263,5.960518625870406,48.86187900010679
34,0,0,0,0,0,0,0,0,0,0,0,1,0,0,-1,0,0,0,0,0,0,0,0,0,0,0,0,0,0,0,0,0,0,0,0,0,0,0,0,0,0,0,0,0,0,0,0,0,0,0,0,0,0,0,0,0,0,0,0,0,0,0,0,0,0,0,0,0,0,0,0,0,0,0,0,0,20.0,0.0,20.2,74087.0,220.58356912325235,0.36,0.0,100.0,56959.0,0.15,160234.0,0.54,DE1 19,DE1 4,10.723084073001646,49.88281742234528,11.399736085399406,48.35883243095018
35,0,0,0,0,0,0,0,0,0,0,0,1,0,0,0,0,0,-1,0,0,0,0,0,0,0,0,0,0,0,0,0,0,0,0,0,0,0,0,0,0,0,0,0,0,0,0,0,0,0,0,0,0,0,0,0,0,0,0,0,0,0,0,0,0,0,0,0,0,0,0,0,0,0,0,0,0,20.0,0.0,20.2,74087.0,190.39309534235517,0.36,0.0,100.0,56959.0,0.15,160234.0,0.54,DE1 19,DE1 7,10.723084073001646,49.88281742234528,8.614807726224376,50.079091212058565
36,0,0,0,0,0,0,0,0,0,0,0,0,1,0,0,0,0,-1,0,0,0,0,0,0,0,0,0,0,0,0,0,0,0,0,0,0,0,0,0,0,0,0,0,0,0,0,0,0,0,0,0,0,0,0,0,0,0,0,0,0,0,0,0,0,0,0,0,0,0,0,0,0,0,0,0,0,20.0,0.0,20.2,74087.0,200.6569475504952,0.36,0.0,100.0,56959.0,0.15,160234.0,0.54,DE1 2,DE1 7,7.690041449570495,51.398817744468026,8.614807726224376,50.079091212058565
37,0,0,0,0,0,0,0,0,0,0,0,0,1,0,0,0,0,0,-1,0,0,0,0,0,0,0,0,0,0,0,0,0,0,0,0,0,0,0,0,0,0,0,0,0,0,0,0,0,0,0,0,0,0,0,0,0,0,0,0,0,0,0,0,0,0,0,0,0,0,0,0,0,0,0,0,0,20.0,0.0,20.2,74087.0,85.79694787282119,0.36,0.0,100.0,56959.0,0.15,160234.0,0.54,DE1 2,DE1 8,7.690041449570495,51.398817744468026,6.782045751405716,51.15711694730057
38,0,0,0,0,0,0,0,0,0,0,0,0,1,0,0,0,0,0,0,-1,0,0,0,0,0,0,0,0,0,0,0,0,0,0,0,0,0,0,0,0,0,0,0,0,0,0,0,0,0,0,0,0,0,0,0,0,0,0,0,0,0,0,0,0,0,0,0,0,0,0,0,0,0,0,0,0,20.0,0.0,20.2,74087.0,122.89354380967706,0.36,0.0,100.0,56959.0,0.15,160234.0,0.54,DE1 2,DE1 9,7.690041449570495,51.398817744468026,8.718996773319988,52.01133541053488
39,0,0,0,0,0,0,0,0,0,0,0,0,0,1,0,0,-1,0,0,0,0,0,0,0,0,0,0,0,0,0,0,0,0,0,0,0,0,0,0,0,0,0,0,0,0,0,0,0,0,0,0,0,0,0,0,0,0,0,0,0,0,0,0,0,0,0,0,0,0,0,0,0,0,0,0,0,20.0,0.0,20.2,74087.0,193.6615966459989,0.36,0.0,100.0,56959.0,0.15,160234.0,0.54,DE1 3,DE1 6,13.553525737215796,52.53973417915259,13.6417236,51.1474873
40,0,0,0,0,0,0,0,0,0,0,0,0,0,0,0,1,0,0,0,-1,0,0,0,0,0,0,0,0,0,0,0,0,0,0,0,0,0,0,0,0,0,0,0,0,0,0,0,0,0,0,0,0,0,0,0,0,0,0,0,0,0,0,0,0,0,0,0,0,0,0,0,0,0,0,0,0,20.0,0.0,20.2,74087.0,257.05269595978893,0.36,0.0,100.0,56959.0,0.15,160234.0,0.54,DE1 5,DE1 9,9.656115621028528,53.772222705953226,8.718996773319988,52.01133541053488
41,0,0,0,0,0,0,0,0,0,0,0,0,0,0,0,0,0,1,0,-1,0,0,0,0,0,0,0,0,0,0,0,0,0,0,0,0,0,0,0,0,0,0,0,0,0,0,0,0,0,0,0,0,0,0,0,0,0,0,0,0,0,0,0,0,0,0,0,0,0,0,0,0,0,0,0,0,20.0,0.0,20.2,74087.0,268.7238914301739,0.36,0.0,100.0,56959.0,0.15,160234.0,0.54,DE1 7,DE1 9,8.614807726224376,50.079091212058565,8.718996773319988,52.01133541053488
42,0,0,0,0,0,0,0,0,0,0,0,0,0,0,0,0,0,0,0,0,1,0,0,0,0,-1,0,0,0,0,0,0,0,0,0,0,0,0,0,0,0,0,0,0,0,0,0,0,0,0,0,0,0,0,0,0,0,0,0,0,0,0,0,0,0,0,0,0,0,0,0,0,0,0,0,0,20.0,0.0,20.2,74087.0,318.63654169199424,0.36,0.0,100.0,56959.0,0.15,160234.0,0.54,ES1 0,ES1 5,-5.521155105994543,41.91726952615551,-3.650686811360254,40.11061009553195
43,0,0,0,0,0,0,0,0,0,0,0,0,0,0,0,0,0,0,0,0,1,0,0,0,0,0,-1,0,0,0,0,0,0,0,0,0,0,0,0,0,0,0,0,0,0,0,0,0,0,0,0,0,0,0,0,0,0,0,0,0,0,0,0,0,0,0,0,0,0,0,0,0,0,0,0,0,20.0,0.0,20.2,74087.0,294.2172817957358,0.36,0.0,100.0,56959.0,0.15,160234.0,0.54,ES1 0,ES1 6,-5.521155105994543,41.91726952615551,-2.8968013540051976,42.7648961811579
44,0,0,0,0,0,0,0,0,0,0,0,0,0,0,0,0,0,0,0,0,1,0,0,0,0,0,0,-1,0,0,0,0,0,0,0,0,0,0,0,0,0,0,0,0,0,0,0,0,0,0,0,0,0,0,0,0,0,0,0,0,0,0,0,0,0,0,0,0,0,0,0,0,0,0,0,0,20.0,0.0,20.2,74087.0,263.26083631128233,0.36,0.0,100.0,56959.0,0.15,160234.0,0.54,ES1 0,ES1 7,-5.521155105994543,41.91726952615551,-7.874534340432445,42.66362337417896
45,0,0,0,0,0,0,0,0,0,0,0,0,0,0,0,0,0,0,0,0,1,0,0,0,0,0,0,0,-1,0,0,0,0,0,0,0,0,0,0,0,0,0,0,0,0,0,0,0,0,0,0,0,0,0,0,0,0,0,0,0,0,0,0,0,0,0,0,0,0,0,0,0,0,0,0,0,20.0,0.0,20.2,74087.0,354.37937991618185,0.36,0.0,100.0,56959.0,0.15,160234.0,0.54,ES1 0,ES1 8,-5.521155105994543,41.91726952615551,-6.151081792593107,39.41281178823704
46,0,0,0,0,0,0,0,0,0,0,0,0,0,0,0,0,0,0,0,0,0,1,0,-1,0,0,0,0,0,0,0,0,0,0,0,0,0,0,0,0,0,0,0,0,0,0,0,0,0,0,0,0,0,0,0,0,0,0,0,0,0,0,0,0,0,0,0,0,0,0,0,0,0,0,0,0,20.0,0.0,20.2,74087.0,328.56041848720685,0.36,0.0,100.0,56959.0,0.15,160234.0,0.54,ES1 1,ES1 3,-0.498247313630633,40.78999490093028,-1.0685533905909534,38.46729399125504
47,0,0,0,0,0,0,0,0,0,0,0,0,0,0,0,0,0,0,0,0,0,1,0,0,-1,0,0,0,0,0,0,0,0,0,0,0,0,0,0,0,0,0,0,0,0,0,0,0,0,0,0,0,0,0,0,0,0,0,0,0,0,0,0,0,0,0,0,0,0,0,0,0,0,0,0,0,20.0,0.0,20.2,74087.0,246.596959819154,0.36,0.0,100.0,56959.0,0.15,160234.0,0.54,ES1 1,ES1 4,-0.498247313630633,40.78999490093028,1.53223151519779,41.69378610486426
48,0,0,0,0,0,0,0,0,0,0,0,0,0,0,0,0,0,0,0,0,0,1,0,0,0,-1,0,0,0,0,0,0,0,0,0,0,0,0,0,0,0,0,0,0,0,0,0,0,0,0,0,0,0,0,0,0,0,0,0,0,0,0,0,0,0,0,0,0,0,0,0,0,0,0,0,0,20.0,0.0,20.2,74087.0,346.52379590885,0.36,0.0,100.0,56959.0,0.15,160234.0,0.54,ES1 1,ES1 5,-0.498247313630633,40.78999490093028,-3.650686811360254,40.11061009553195
49,0,0,0,0,0,0,0,0,0,0,0,0,0,0,0,0,0,0,0,0,0,1,0,0,0,0,-1,0,0,0,0,0,0,0,0,0,0,0,0,0,0,0,0,0,0,0,0,0,0,0,0,0,0,0,0,0,0,0,0,0,0,0,0,0,0,0,0,0,0,0,0,0,0,0,0,0,20.0,0.0,20.2,74087.0,370.3177485329186,0.36,0.0,100.0,56959.0,0.15,160234.0,0.54,ES1 1,ES1 6,-0.498247313630633,40.78999490093028,-2.8968013540051976,42.7648961811579
50,0,0,0,0,0,0,0,0,0,0,0,0,0,0,0,0,0,0,0,0,0,1,0,0,0,0,0,0,0,0,0,0,0,0,0,0,0,0,0,0,0,0,0,0,0,0,0,-1,0,0,0,0,0,0,0,0,0,0,0,0,0,0,0,0,0,0,0,0,0,0,0,0,0,0,0,0,20.0,0.0,20.2,74087.0,381.33049981738367,0.36,0.0,100.0,56959.0,0.15,160234.0,0.54,ES1 1,FR1 8,-0.498247313630633,40.78999490093028,-0.4288508114936827,43.533022984491794
51,0,0,0,0,0,0,0,0,0,0,0,0,0,0,0,0,0,0,0,0,0,0,1,-1,0,0,0,0,0,0,0,0,0,0,0,0,0,0,0,0,0,0,0,0,0,0,0,0,0,0,0,0,0,0,0,0,0,0,0,0,0,0,0,0,0,0,0,0,0,0,0,0,0,0,0,0,20.0,0.0,20.2,74087.0,492.46389833147066,0.36,0.0,100.0,56959.0,0.15,160234.0,0.54,ES1 2,ES1 3,-5.238705483289992,37.1621830158051,-1.0685533905909534,38.46729399125504
52,0,0,0,0,0,0,0,0,0,0,0,0,0,0,0,0,0,0,0,0,0,0,1,0,0,-1,0,0,0,0,0,0,0,0,0,0,0,0,0,0,0,0,0,0,0,0,0,0,0,0,0,0,0,0,0,0,0,0,0,0,0,0,0,0,0,0,0,0,0,0,0,0,0,0,0,0,20.0,0.0,20.2,74087.0,444.5816711343212,0.36,0.0,100.0,56959.0,0.15,160234.0,0.54,ES1 2,ES1 5,-5.238705483289992,37.1621830158051,-3.650686811360254,40.11061009553195
53,0,0,0,0,0,0,0,0,0,0,0,0,0,0,0,0,0,0,0,0,0,0,1,0,0,0,0,0,-1,0,0,0,0,0,0,0,0,0,0,0,0,0,0,0,0,0,0,0,0,0,0,0,0,0,0,0,0,0,0,0,0,0,0,0,0,0,0,0,0,0,0,0,0,0,0,0,20.0,0.0,20.2,74087.0,328.27187366731505,0.36,0.0,100.0,56959.0,0.15,160234.0,0.54,ES1 2,ES1 8,-5.238705483289992,37.1621830158051,-6.151081792593107,39.41281178823704
54,0,0,0,0,0,0,0,0,0,0,0,0,0,0,0,0,0,0,0,0,0,0,0,1,0,-1,0,0,0,0,0,0,0,0,0,0,0,0,0,0,0,0,0,0,0,0,0,0,0,0,0,0,0,0,0,0,0,0,0,0,0,0,0,0,0,0,0,0,0,0,0,0,0,0,0,0,20.0,0.0,20.2,74087.0,359.595999143162,0.36,0.0,100.0,56959.0,0.15,160234.0,0.54,ES1 3,ES1 5,-1.0685533905909534,38.46729399125504,-3.650686811360254,40.11061009553195
55,0,0,0,0,0,0,0,0,0,0,0,0,0,0,0,0,0,0,0,0,0,0,0,0,1,0,0,0,0,0,0,0,0,0,0,0,0,0,0,0,0,0,0,0,0,-1,0,0,0,0,0,0,0,0,0,0,0,0,0,0,0,0,0,0,0,0,0,0,0,0,0,0,0,0,0,0,20.0,0.0,20.2,74087.0,253.416960921022,0.36,0.0,100.0,56959.0,0.15,160234.0,0.54,ES1 4,FR1 6,1.53223151519779,41.69378610486426,1.729674828609724,43.51121310716024
56,0,0,0,0,0,0,0,0,0,0,0,0,0,0,0,0,0,0,0,0,0,0,0,0,0,1,-1,0,0,0,0,0,0,0,0,0,0,0,0,0,0,0,0,0,0,0,0,0,0,0,0,0,0,0,0,0,0,0,0,0,0,0,0,0,0,0,0,0,0,0,0,0,0,0,0,0,20.0,0.0,20.2,74087.0,377.1945283469528,0.36,0.0,100.0,56959.0,0.15,160234.0,0.54,ES1 5,ES1 6,-3.650686811360254,40.11061009553195,-2.8968013540051976,42.7648961811579
57,0,0,0,0,0,0,0,0,0,0,0,0,0,0,0,0,0,0,0,0,0,0,0,0,0,1,0,0,-1,0,0,0,0,0,0,0,0,0,0,0,0,0,0,0,0,0,0,0,0,0,0,0,0,0,0,0,0,0,0,0,0,0,0,0,0,0,0,0,0,0,0,0,0,0,0,0,20.0,0.0,20.2,74087.0,284.205125570832,0.36,0.0,100.0,56959.0,0.15,160234.0,0.54,ES1 5,ES1 8,-3.650686811360254,40.11061009553195,-6.151081792593107,39.41281178823704
58,0,0,0,0,0,0,0,0,0,0,0,0,0,0,0,0,0,0,0,0,0,0,0,0,0,0,1,0,0,0,0,0,0,0,0,0,0,0,0,0,0,0,0,0,0,0,0,-1,0,0,0,0,0,0,0,0,0,0,0,0,0,0,0,0,0,0,0,0,0,0,0,0,0,0,0,0,20.0,0.0,20.2,74087.0,272.0739747935204,0.36,0.0,100.0,56959.0,0.15,160234.0,0.54,ES1 6,FR1 8,-2.8968013540051976,42.7648961811579,-0.4288508114936827,43.533022984491794
59,0,0,0,0,0,0,0,0,0,0,0,0,0,0,0,0,0,0,0,0,0,0,0,0,0,0,0,0,0,0,1,0,0,-1,0,0,0,0,0,0,0,0,0,0,0,0,0,0,0,0,0,0,0,0,0,0,0,0,0,0,0,0,0,0,0,0,0,0,0,0,0,0,0,0,0,0,20.0,0.0,20.2,74087.0,264.83273066022,0.36,0.0,100.0,56959.0,0.15,160234.0,0.54,FR1 0,FR1 11,2.285930386191887,46.4165117639593,-0.1477868720375819,45.53878517204548
60,0,0,0,0,0,0,0,0,0,0,0,0,0,0,0,0,0,0,0,0,0,0,0,0,0,0,0,0,0,0,1,0,0,0,-1,0,0,0,0,0,0,0,0,0,0,0,0,0,0,0,0,0,0,0,0,0,0,0,0,0,0,0,0,0,0,0,0,0,0,0,0,0,0,0,0,0,20.0,0.0,20.2,74087.0,202.4856022457941,0.36,0.0,100.0,56959.0,0.15,160234.0,0.54,FR1 0,FR1 12,2.285930386191887,46.4165117639593,2.8376376341268723,45.01155887416662
61,0,0,0,0,0,0,0,0,0,0,0,0,0,0,0,0,0,0,0,0,0,0,0,0,0,0,0,0,0,0,1,0,0,0,0,0,0,-1,0,0,0,0,0,0,0,0,0,0,0,0,0,0,0,0,0,0,0,0,0,0,0,0,0,0,0,0,0,0,0,0,0,0,0,0,0,0,20.0,0.0,20.2,74087.0,247.1351089284103,0.36,0.0,100.0,56959.0,0.15,160234.0,0.54,FR1 0,FR1 15,2.285930386191887,46.4165117639593,3.78528005906954,47.87312764625944
62,0,0,0,0,0,0,0,0,0,0,0,0,0,0,0,0,0,0,0,0,0,0,0,0,0,0,0,0,0,0,1,0,0,0,0,0,0,0,-1,0,0,0,0,0,0,0,0,0,0,0,0,0,0,0,0,0,0,0,0,0,0,0,0,0,0,0,0,0,0,0,0,0,0,0,0,0,20.0,0.0,20.2,74087.0,256.1765499907264,0.36,0.0,100.0,56959.0,0.15,160234.0,0.54,FR1 0,FR1 16,2.285930386191887,46.4165117639593,4.896736930824648,46.04814358794511
63,0,0,0,0,0,0,0,0,0,0,0,0,0,0,0,0,0,0,0,0,0,0,0,0,0,0,0,0,0,0,1,0,0,0,0,0,0,0,0,0,0,0,0,0,0,0,-1,0,0,0,0,0,0,0,0,0,0,0,0,0,0,0,0,0,0,0,0,0,0,0,0,0,0,0,0,0,20.0,0.0,20.2,74087.0,333.11450675565777,0.36,0.0,100.0,56959.0,0.15,160234.0,0.54,FR1 0,FR1 7,2.285930386191887,46.4165117639593,2.412112342234826,48.81161935613287
64,0,0,0,0,0,0,0,0,0,0,0,0,0,0,0,0,0,0,0,0,0,0,0,0,0,0,0,0,0,0,0,1,0,0,0,0,0,-1,0,0,0,0,0,0,0,0,0,0,0,0,0,0,0,0,0,0,0,0,0,0,0,0,0,0,0,0,0,0,0,0,0,0,0,0,0,0,20.0,0.0,20.2,74087.0,394.6585200442106,0.36,0.0,100.0,56959.0,0.15,160234.0,0.54,FR1 1,FR1 15,6.1072747878787865,45.52201024242424,3.78528005906954,47.87312764625944
65,0,0,0,0,0,0,0,0,0,0,0,0,0,0,0,0,0,0,0,0,0,0,0,0,0,0,0,0,0,0,0,1,0,0,0,0,0,0,-1,0,0,0,0,0,0,0,0,0,0,0,0,0,0,0,0,0,0,0,0,0,0,0,0,0,0,0,0,0,0,0,0,0,0,0,0,0,20.0,0.0,20.2,74087.0,138.25545352184983,0.36,0.0,100.0,56959.0,0.15,160234.0,0.54,FR1 1,FR1 16,6.1072747878787865,45.52201024242424,4.896736930824648,46.04814358794511
66,0,0,0,0,0,0,0,0,0,0,0,0,0,0,0,0,0,0,0,0,0,0,0,0,0,0,0,0,0,0,0,1,0,0,0,0,0,0,0,-1,0,0,0,0,0,0,0,0,0,0,0,0,0,0,0,0,0,0,0,0,0,0,0,0,0,0,0,0,0,0,0,0,0,0,0,0,20.0,0.0,20.2,74087.0,360.64205748346114,0.36,0.0,100.0,56959.0,0.15,160234.0,0.54,FR1 1,FR1 17,6.1072747878787865,45.52201024242424,7.098681162538576,48.02632462435081
67,0,0,0,0,0,0,0,0,0,0,0,0,0,0,0,0,0,0,0,0,0,0,0,0,0,0,0,0,0,0,0,1,0,0,0,0,0,0,0,0,0,0,0,0,-1,0,0,0,0,0,0,0,0,0,0,0,0,0,0,0,0,0,0,0,0,0,0,0,0,0,0,0,0,0,0,0,20.0,0.0,20.2,74087.0,242.850359100776,0.36,0.0,100.0,56959.0,0.15,160234.0,0.54,FR1 1,FR1 5,6.1072747878787865,45.52201024242424,6.285740340299904,43.779423181195554
68,0,0,0,0,0,0,0,0,0,0,0,0,0,0,0,0,0,0,0,0,0,0,0,0,0,0,0,0,0,0,0,1,0,0,0,0,0,0,0,0,0,0,0,0,0,0,0,0,0,0,0,0,0,0,0,0,0,0,0,0,0,0,0,0,0,0,0,0,0,0,-1,0,0,0,0,0,20.0,0.0,20.2,74087.0,173.60098158849965,0.36,0.0,100.0,56959.0,0.15,160234.0,0.54,FR1 1,IT1 5,6.1072747878787865,45.52201024242424,7.804870668635753,45.153095876777606
69,0,0,0,0,0,0,0,0,0,0,0,0,0,0,0,0,0,0,0,0,0,0,0,0,0,0,0,0,0,0,0,0,1,0,0,0,0,-1,0,0,0,0,0,0,0,0,0,0,0,0,0,0,0,0,0,0,0,0,0,0,0,0,0,0,0,0,0,0,0,0,0,0,0,0,0,0,20.0,0.0,20.2,74087.0,267.3237641097471,0.36,0.0,100.0,56959.0,0.15,160234.0,0.54,FR1 10,FR1 15,3.9989213172754456,49.79126178855921,3.78528005906954,47.87312764625944
70,0,0,0,0,0,0,0,0,0,0,0,0,0,0,0,0,0,0,0,0,0,0,0,0,0,0,0,0,0,0,0,0,1,0,0,0,0,0,0,0,0,0,-1,0,0,0,0,0,0,0,0,0,0,0,0,0,0,0,0,0,0,0,0,0,0,0,0,0,0,0,0,0,0,0,0,0,20.0,0.0,20.2,74087.0,173.98162366307744,0.36,0.0,100.0,56959.0,0.15,160234.0,0.54,FR1 10,FR1 3,3.9989213172754456,49.79126178855921,2.4240286159588798,50.53222179402777
71,0,0,0,0,0,0,0,0,0,0,0,0,0,0,0,0,0,0,0,0,0,0,0,0,0,0,0,0,0,0,0,0,1,0,0,0,0,0,0,0,0,0,0,-1,0,0,0,0,0,0,0,0,0,0,0,0,0,0,0,0,0,0,0,0,0,0,0,0,0,0,0,0,0,0,0,0,20.0,0.0,20.2,74087.0,219.6781926513379,0.36,0.0,100.0,56959.0,0.15,160234.0,0.54,FR1 10,FR1 4,3.9989213172754456,49.79126178855921,5.960518625870406,48.86187900010679
72,0,0,0,0,0,0,0,0,0,0,0,0,0,0,0,0,0,0,0,0,0,0,0,0,0,0,0,0,0,0,0,0,1,0,0,0,0,0,0,0,0,0,0,0,0,0,-1,0,0,0,0,0,0,0,0,0,0,0,0,0,0,0,0,0,0,0,0,0,0,0,0,0,0,0,0,0,20.0,0.0,20.2,74087.0,198.0444863503704,0.36,0.0,100.0,56959.0,0.15,160234.0,0.54,FR1 10,FR1 7,3.9989213172754456,49.79126178855921,2.412112342234826,48.81161935613287
73,0,0,0,0,0,0,0,0,0,0,0,0,0,0,0,0,0,0,0,0,0,0,0,0,0,0,0,0,0,0,0,0,0,1,0,0,0,0,0,0,0,-1,0,0,0,0,0,0,0,0,0,0,0,0,0,0,0,0,0,0,0,0,0,0,0,0,0,0,0,0,0,0,0,0,0,0,20.0,0.0,20.2,74087.0,297.4251866931009,0.36,0.0,100.0,56959.0,0.15,160234.0,0.54,FR1 11,FR1 2,-0.1477868720375819,45.53878517204548,-1.259489522917447,47.53739282689119
74,0,0,0,0,0,0,0,0,0,0,0,0,0,0,0,0,0,0,0,0,0,0,0,0,0,0,0,0,0,0,0,0,0,1,0,0,0,0,0,0,0,0,0,0,0,-1,0,0,0,0,0,0,0,0,0,0,0,0,0,0,0,0,0,0,0,0,0,0,0,0,0,0,0,0,0,0,20.0,0.0,20.2,74087.0,337.6685555214505,0.36,0.0,100.0,56959.0,0.15,160234.0,0.54,FR1 11,FR1 6,-0.1477868720375819,45.53878517204548,1.729674828609724,43.51121310716024
75,0,0,0,0,0,0,0,0,0,0,0,0,0,0,0,0,0,0,0,0,0,0,0,0,0,0,0,0,0,0,0,0,0,1,0,0,0,0,0,0,0,0,0,0,0,0,0,-1,0,0,0,0,0,0,0,0,0,0,0,0,0,0,0,0,0,0,0,0,0,0,0,0,0,0,0,0,20.0,0.0,20.2,74087.0,280.17495531219873,0.36,0.0,100.0,56959.0,0.15,160234.0,0.54,FR1 11,FR1 8,-0.1477868720375819,45.53878517204548,-0.4288508114936827,43.533022984491794
76,0,0,0,0,0,0,0,0,0,0,0,0,0,0,0,0,0,0,0,0,0,0,0,0,0,0,0,0,0,0,0,0,0,0,1,0,0,0,0,0,-1,0,0,0,0,0,0,0,0,0,0,0,0,0,0,0,0,0,0,0,0,0,0,0,0,0,0,0,0,0,0,0,0,0,0,0,20.0,0.0,20.2,74087.0,182.7600654019463,0.36,0.0,100.0,56959.0,0.15,160234.0,0.54,FR1 12,FR1 18,2.8376376341268723,45.01155887416662,3.784670782608696,43.88377686956522
77,0,0,0,0,0,0,0,0,0,0,0,0,0,0,0,0,0,0,0,0,0,0,0,0,0,0,0,0,0,0,0,0,0,0,1,0,0,0,0,0,0,0,0,0,0,-1,0,0,0,0,0,0,0,0,0,0,0,0,0,0,0,0,0,0,0,0,0,0,0,0,0,0,0,0,0,0,20.0,0.0,20.2,74087.0,235.90067669468883,0.36,0.0,100.0,56959.0,0.15,160234.0,0.54,FR1 12,FR1 6,2.8376376341268723,45.01155887416662,1.729674828609724,43.51121310716024
78,0,0,0,0,0,0,0,0,0,0,0,0,0,0,0,0,0,0,0,0,0,0,0,0,0,0,0,0,0,0,0,0,0,0,0,1,0,0,0,0,0,-1,0,0,0,0,0,0,0,0,0,0,0,0,0,0,0,0,0,0,0,0,0,0,0,0,0,0,0,0,0,0,0,0,0,0,20.0,0.0,20.2,74087.0,211.3607619477124,0.36,0.0,100.0,56959.0,0.15,160234.0,0.54,FR1 13,FR1 2,-3.251285779517703,48.26506370373863,-1.259489522917447,47.53739282689119
79,0,0,0,0,0,0,0,0,0,0,0,0,0,0,0,0,0,0,0,0,0,0,0,0,0,0,0,0,0,0,0,0,0,0,0,0,1,0,0,0,0,-1,0,0,0,0,0,0,0,0,0,0,0,0,0,0,0,0,0,0,0,0,0,0,0,0,0,0,0,0,0,0,0,0,0,0,20.0,0.0,20.2,74087.0,255.5562175805337,0.36,0.0,100.0,56959.0,0.15,160234.0,0.54,FR1 14,FR1 2,0.5904750041596424,48.901817147533365,-1.259489522917447,47.53739282689119
80,0,0,0,0,0,0,0,0,0,0,0,0,0,0,0,0,0,0,0,0,0,0,0,0,0,0,0,0,0,0,0,0,0,0,0,0,1,0,0,0,0,0,-1,0,0,0,0,0,0,0,0,0,0,0,0,0,0,0,0,0,0,0,0,0,0,0,0,0,0,0,0,0,0,0,0,0,20.0,0.0,20.2,74087.0,280.170965979738,0.36,0.0,100.0,56959.0,0.15,160234.0,0.54,FR1 14,FR1 3,0.5904750041596424,48.901817147533365,2.4240286159588798,50.53222179402777
81,0,0,0,0,0,0,0,0,0,0,0,0,0,0,0,0,0,0,0,0,0,0,0,0,0,0,0,0,0,0,0,0,0,0,0,0,1,0,0,0,0,0,0,0,0,0,-1,0,0,0,0,0,0,0,0,0,0,0,0,0,0,0,0,0,0,0,0,0,0,0,0,0,0,0,0,0,20.0,0.0,20.2,74087.0,167.05591621374964,0.36,0.0,100.0,56959.0,0.15,160234.0,0.54,FR1 14,FR1 7,0.5904750041596424,48.901817147533365,2.412112342234826,48.81161935613287
82,0,0,0,0,0,0,0,0,0,0,0,0,0,0,0,0,0,0,0,0,0,0,0,0,0,0,0,0,0,0,0,0,0,0,0,0,0,1,-1,0,0,0,0,0,0,0,0,0,0,0,0,0,0,0,0,0,0,0,0,0,0,0,0,0,0,0,0,0,0,0,0,0,0,0,0,0,20.0,0.0,20.2,74087.0,274.69344727070643,0.36,0.0,100.0,56959.0,0.15,160234.0,0.54,FR1 15,FR1 16,3.78528005906954,47.87312764625944,4.896736930824648,46.04814358794511
83,0,0,0,0,0,0,0,0,0,0,0,0,0,0,0,0,0,0,0,0,0,0,0,0,0,0,0,0,0,0,0,0,0,0,0,0,0,1,0,0,0,0,0,-1,0,0,0,0,0,0,0,0,0,0,0,0,0,0,0,0,0,0,0,0,0,0,0,0,0,0,0,0,0,0,0,0,20.0,0.0,20.2,74087.0,243.362497399592,0.36,0.0,100.0,56959.0,0.15,160234.0,0.54,FR1 15,FR1 4,3.78528005906954,47.87312764625944,5.960518625870406,48.86187900010679
84,0,0,0,0,0,0,0,0,0,0,0,0,0,0,0,0,0,0,0,0,0,0,0,0,0,0,0,0,0,0,0,0,0,0,0,0,0,1,0,0,0,0,0,0,0,0,-1,0,0,0,0,0,0,0,0,0,0,0,0,0,0,0,0,0,0,0,0,0,0,0,0,0,0,0,0,0,20.0,0.0,20.2,74087.0,181.95446921262743,0.36,0.0,100.0,56959.0,0.15,160234.0,0.54,FR1 15,FR1 7,3.78528005906954,47.87312764625944,2.412112342234826,48.81161935613287
85,0,0,0,0,0,0,0,0,0,0,0,0,0,0,0,0,0,0,0,0,0,0,0,0,0,0,0,0,0,0,0,0,0,0,0,0,0,0,1,-1,0,0,0,0,0,0,0,0,0,0,0,0,0,0,0,0,0,0,0,0,0,0,0,0,0,0,0,0,0,0,0,0,0,0,0,0,20.0,0.0,20.2,74087.0,345.0874465396003,0.36,0.0,100.0,56959.0,0.15,160234.0,0.54,FR1 16,FR1 17,4.896736930824648,46.04814358794511,7.098681162538576,48.02632462435081
86,0,0,0,0,0,0,0,0,0,0,0,0,0,0,0,0,0,0,0,0,0,0,0,0,0,0,0,0,0,0,0,0,0,0,0,0,0,0,1,0,-1,0,0,0,0,0,0,0,0,0,0,0,0,0,0,0,0,0,0,0,0,0,0,0,0,0,0,0,0,0,0,0,0,0,0,0,20.0,0.0,20.2,74087.0,320.0858245471899,0.36,0.0,100.0,56959.0,0.15,160234.0,0.54,FR1 16,FR1 18,4.896736930824648,46.04814358794511,3.784670782608696,43.88377686956522
87,0,0,0,0,0,0,0,0,0,0,0,0,0,0,0,0,0,0,0,0,0,0,0,0,0,0,0,0,0,0,0,0,0,0,0,0,0,0,1,0,0,0,0,0,0,0,0,0,-1,0,0,0,0,0,0,0,0,0,0,0,0,0,0,0,0,0,0,0,0,0,0,0,0,0,0,0,20.0,0.0,20.2,74087.0,316.8848281236117,0.36,0.0,100.0,56959.0,0.15,160234.0,0.54,FR1 16,FR1 9,4.896736930824648,46.04814358794511,5.073192987178199,43.771718460484735
88,0,0,0,0,0,0,0,0,0,0,0,0,0,0,0,0,0,0,0,0,0,0,0,0,0,0,0,0,0,0,0,0,0,0,0,0,0,0,0,1,0,0,0,-1,0,0,0,0,0,0,0,0,0,0,0,0,0,0,0,0,0,0,0,0,0,0,0,0,0,0,0,0,0,0,0,0,20.0,0.0,20.2,74087.0,156.52178548905516,0.36,0.0,100.0,56959.0,0.15,160234.0,0.54,FR1 17,FR1 4,7.098681162538576,48.02632462435081,5.960518625870406,48.86187900010679
89,0,0,0,0,0,0,0,0,0,0,0,0,0,0,0,0,0,0,0,0,0,0,0,0,0,0,0,0,0,0,0,0,0,0,0,0,0,0,0,0,1,0,0,0,0,-1,0,0,0,0,0,0,0,0,0,0,0,0,0,0,0,0,0,0,0,0,0,0,0,0,0,0,0,0,0,0,20.0,0.0,20.2,74087.0,212.8979295735696,0.36,0.0,100.0,56959.0,0.15,160234.0,0.54,FR1 18,FR1 6,3.784670782608696,43.88377686956522,1.729674828609724,43.51121310716024
90,0,0,0,0,0,0,0,0,0,0,0,0,0,0,0,0,0,0,0,0,0,0,0,0,0,0,0,0,0,0,0,0,0,0,0,0,0,0,0,0,1,0,0,0,0,0,0,0,-1,0,0,0,0,0,0,0,0,0,0,0,0,0,0,0,0,0,0,0,0,0,0,0,0,0,0,0,20.0,0.0,20.2,74087.0,130.13865746607772,0.36,0.0,100.0,56959.0,0.15,160234.0,0.54,FR1 18,FR1 9,3.784670782608696,43.88377686956522,5.073192987178199,43.771718460484735
91,0,0,0,0,0,0,0,0,0,0,0,0,0,0,0,0,0,0,0,0,0,0,0,0,0,0,0,0,0,0,0,0,0,0,0,0,0,0,0,0,0,0,1,0,0,0,-1,0,0,0,0,0,0,0,0,0,0,0,0,0,0,0,0,0,0,0,0,0,0,0,0,0,0,0,0,0,20.0,0.0,20.2,74087.0,239.15522850130984,0.36,0.0,100.0,56959.0,0.15,160234.0,0.54,FR1 3,FR1 7,2.4240286159588798,50.53222179402777,2.412112342234826,48.81161935613287
92,0,0,0,0,0,0,0,0,0,0,0,0,0,0,0,0,0,0,0,0,0,0,0,0,0,0,0,0,0,0,0,0,0,0,0,0,0,0,0,0,0,0,0,0,1,0,0,0,-1,0,0,0,0,0,0,0,0,0,0,0,0,0,0,0,0,0,0,0,0,0,0,0,0,0,0,0,20.0,0.0,20.2,74087.0,121.6962152744523,0.36,0.0,100.0,56959.0,0.15,160234.0,0.54,FR1 5,FR1 9,6.285740340299904,43.779423181195554,5.073192987178199,43.771718460484735
93,0,0,0,0,0,0,0,0,0,0,0,0,0,0,0,0,0,0,0,0,0,0,0,0,0,0,0,0,0,0,0,0,0,0,0,0,0,0,0,0,0,0,0,0,1,0,0,0,0,0,0,0,0,0,0,0,0,0,0,0,0,0,0,0,0,0,0,0,0,0,-1,0,0,0,0,0,20.0,0.0,20.2,74087.0,243.2229793313354,0.36,0.0,100.0,56959.0,0.15,160234.0,0.54,FR1 5,IT1 5,6.285740340299904,43.779423181195554,7.804870668635753,45.153095876777606
94,0,0,0,0,0,0,0,0,0,0,0,0,0,0,0,0,0,0,0,0,0,0,0,0,0,0,0,0,0,0,0,0,0,0,0,0,0,0,0,0,0,0,0,0,0,1,0,-1,0,0,0,0,0,0,0,0,0,0,0,0,0,0,0,0,0,0,0,0,0,0,0,0,0,0,0,0,20.0,0.0,20.2,74087.0,217.56309054138669,0.36,0.0,100.0,56959.0,0.15,160234.0,0.54,FR1 6,FR1 8,1.729674828609724,43.51121310716024,-0.4288508114936827,43.533022984491794
95,0,0,0,0,0,0,0,0,0,0,0,0,0,0,0,0,0,0,0,0,0,0,0,0,0,0,0,0,0,0,0,0,0,0,0,0,0,0,0,0,0,0,0,0,0,0,0,0,0,1,-1,0,0,0,0,0,0,0,0,0,0,0,0,0,0,0,0,0,0,0,0,0,0,0,0,0,20.0,0.0,20.2,74087.0,183.00582088925228,0.36,0.0,100.0,56959.0,0.15,160234.0,0.54,GB0 0,GB0 1,-1.9115255609602528,52.46122491282156,-0.4720178099735996,53.45202884546524
96,0,0,0,0,0,0,0,0,0,0,0,0,0,0,0,0,0,0,0,0,0,0,0,0,0,0,0,0,0,0,0,0,0,0,0,0,0,0,0,0,0,0,0,0,0,0,0,0,0,1,0,0,0,0,0,0,-1,0,0,0,0,0,0,0,0,0,0,0,0,0,0,0,0,0,0,0,20.0,0.0,20.2,74087.0,152.50288415766363,0.36,0.0,100.0,56959.0,0.15,160234.0,0.54,GB0 0,GB0 4,-1.9115255609602528,52.46122491282156,-2.583252000000002,53.481137
97,0,0,0,0,0,0,0,0,0,0,0,0,0,0,0,0,0,0,0,0,0,0,0,0,0,0,0,0,0,0,0,0,0,0,0,0,0,0,0,0,0,0,0,0,0,0,0,0,0,1,0,0,0,0,0,0,0,0,-1,0,0,0,0,0,0,0,0,0,0,0,0,0,0,0,0,0,20.0,0.0,20.2,74087.0,178.5454087622211,0.36,0.0,100.0,56959.0,0.15,160234.0,0.54,GB0 0,GB0 6,-1.9115255609602528,52.46122491282156,-3.3146490483229205,51.51069342086891
98,0,0,0,0,0,0,0,0,0,0,0,0,0,0,0,0,0,0,0,0,0,0,0,0,0,0,0,0,0,0,0,0,0,0,0,0,0,0,0,0,0,0,0,0,0,0,0,0,0,1,0,0,0,0,0,0,0,0,0,0,-1,0,0,0,0,0,0,0,0,0,0,0,0,0,0,0,20.0,0.0,20.2,74087.0,169.70634479012,0.36,0.0,100.0,56959.0,0.15,160234.0,0.54,GB0 0,GB0 8,-1.9115255609602528,52.46122491282156,-1.4383506875000005,51.275725375
99,0,0,0,0,0,0,0,0,0,0,0,0,0,0,0,0,0,0,0,0,0,0,0,0,0,0,0,0,0,0,0,0,0,0,0,0,0,0,0,0,0,0,0,0,0,0,0,0,0,1,0,0,0,0,0,0,0,0,0,0,0,-1,0,0,0,0,0,0,0,0,0,0,0,0,0,0,20.0,0.0,20.2,74087.0,233.4162567949229,0.36,0.0,100.0,56959.0,0.15,160234.0,0.54,GB0 0,GB0 9,-1.9115255609602528,52.46122491282156,-1.457966915427565,54.11853474215842
100,0,0,0,0,0,0,0,0,0,0,0,0,0,0,0,0,0,0,0,0,0,0,0,0,0,0,0,0,0,0,0,0,0,0,0,0,0,0,0,0,0,0,0,0,0,0,0,0,0,0,1,0,0,0,0,-1,0,0,0,0,0,0,0,0,0,0,0,0,0,0,0,0,0,0,0,0,20.0,0.0,20.2,74087.0,256.14669244748615,0.36,0.0,100.0,56959.0,0.15,160234.0,0.54,GB0 1,GB0 3,-0.4720178099735996,53.45202884546524,-0.2469460565586441,51.61425294670557
101,0,0,0,0,0,0,0,0,0,0,0,0,0,0,0,0,0,0,0,0,0,0,0,0,0,0,0,0,0,0,0,0,0,0,0,0,0,0,0,0,0,0,0,0,0,0,0,0,0,0,1,0,0,0,0,0,0,0,0,-1,0,0,0,0,0,0,0,0,0,0,0,0,0,0,0,0,20.0,0.0,20.2,74087.0,283.94948893773,0.36,0.0,100.0,56959.0,0.15,160234.0,0.54,GB0 1,GB0 7,-0.4720178099735996,53.45202884546524,0.6575011666666645,51.528312166666666
102,0,0,0,0,0,0,0,0,0,0,0,0,0,0,0,0,0,0,0,0,0,0,0,0,0,0,0,0,0,0,0,0,0,0,0,0,0,0,0,0,0,0,0,0,0,0,0,0,0,0,1,0,0,0,0,0,0,0,0,0,0,-1,0,0,0,0,0,0,0,0,0,0,0,0,0,0,20.0,0.0,20.2,74087.0,123.03247749166655,0.36,0.0,100.0,56959.0,0.15,160234.0,0.54,GB0 1,GB0 9,-0.4720178099735996,53.45202884546524,-1.457966915427565,54.11853474215842
103,0,0,0,0,0,0,0,0,0,0,0,0,0,0,0,0,0,0,0,0,0,0,0,0,0,0,0,0,0,0,0,0,0,0,0,0,0,0,0,0,0,0,0,0,0,0,0,0,0,0,0,1,0,0,0,0,-1,0,0,0,0,0,0,0,0,0,0,0,0,0,0,0,0,0,0,0,20.0,0.0,20.2,74087.0,122.6510060576338,0.36,0.0,100.0,56959.0,0.15,160234.0,0.54,GB0 10,GB0 4,-3.89328033333334,53.07477866666667,-2.583252000000002,53.481137
104,0,0,0,0,0,0,0,0,0,0,0,0,0,0,0,0,0,0,0,0,0,0,0,0,0,0,0,0,0,0,0,0,0,0,0,0,0,0,0,0,0,0,0,0,0,0,0,0,0,0,0,0,1,0,0,0,0,0,-1,0,0,0,0,0,0,0,0,0,0,0,0,0,0,0,0,0,20.0,0.0,20.2,74087.0,136.08721496817108,0.36,0.0,100.0,56959.0,0.15,160234.0,0.54,GB0 11,GB0 6,-4.315338333333333,50.759446833333335,-3.3146490483229205,51.51069342086891
105,0,0,0,0,0,0,0,0,0,0,0,0,0,0,0,0,0,0,0,0,0,0,0,0,0,0,0,0,0,0,0,0,0,0,0,0,0,0,0,0,0,0,0,0,0,0,0,0,0,0,0,0,0,1,-1,0,0,0,0,0,0,0,0,0,0,0,0,0,0,0,0,0,0,0,0,0,20.0,0.0,20.2,74087.0,179.8270899377385,0.36,0.0,100.0,56959.0,0.15,160234.0,0.54,GB0 12,GB0 2,-4.583752345871128,56.63473439448657,-2.523868924058204,57.2769448938867
106,0,0,0,0,0,0,0,0,0,0,0,0,0,0,0,0,0,0,0,0,0,0,0,0,0,0,0,0,0,0,0,0,0,0,0,0,0,0,0,0,0,0,0,0,0,0,0,0,0,0,0,0,0,1,0,0,0,-1,0,0,0,0,0,0,0,0,0,0,0,0,0,0,0,0,0,0,20.0,0.0,20.2,74087.0,139.72096472341332,0.36,0.0,100.0,56959.0,0.15,160234.0,0.54,GB0 12,GB0 5,-4.583752345871128,56.63473439448657,-3.699947107555958,55.75794503495423
107,0,0,0,0,0,0,0,0,0,0,0,0,0,0,0,0,0,0,0,0,0,0,0,0,0,0,0,0,0,0,0,0,0,0,0,0,0,0,0,0,0,0,0,0,0,0,0,0,0,0,0,0,0,0,1,0,0,-1,0,0,0,0,0,0,0,0,0,0,0,0,0,0,0,0,0,0,20.0,0.0,20.2,74087.0,229.57642254992288,0.36,0.0,100.0,56959.0,0.15,160234.0,0.54,GB0 2,GB0 5,-2.523868924058204,57.2769448938867,-3.699947107555958,55.75794503495423
108,0,0,0,0,0,0,0,0,0,0,0,0,0,0,0,0,0,0,0,0,0,0,0,0,0,0,0,0,0,0,0,0,0,0,0,0,0,0,0,0,0,0,0,0,0,0,0,0,0,0,0,0,0,0,0,1,0,0,0,-1,0,0,0,0,0,0,0,0,0,0,0,0,0,0,0,0,20.0,0.0,20.2,74087.0,79.04264239472442,0.36,0.0,100.0,56959.0,0.15,160234.0,0.54,GB0 3,GB0 7,-0.2469460565586441,51.61425294670557,0.6575011666666645,51.528312166666666
109,0,0,0,0,0,0,0,0,0,0,0,0,0,0,0,0,0,0,0,0,0,0,0,0,0,0,0,0,0,0,0,0,0,0,0,0,0,0,0,0,0,0,0,0,0,0,0,0,0,0,0,0,0,0,0,1,0,0,0,0,-1,0,0,0,0,0,0,0,0,0,0,0,0,0,0,0,20.0,0.0,20.2,74087.0,113.42916934460632,0.36,0.0,100.0,56959.0,0.15,160234.0,0.54,GB0 3,GB0 8,-0.2469460565586441,51.61425294670557,-1.4383506875000005,51.275725375
110,0,0,0,0,0,0,0,0,0,0,0,0,0,0,0,0,0,0,0,0,0,0,0,0,0,0,0,0,0,0,0,0,0,0,0,0,0,0,0,0,0,0,0,0,0,0,0,0,0,0,0,0,0,0,0,0,1,-1,0,0,0,0,0,0,0,0,0,0,0,0,0,0,0,0,0,0,20.0,0.0,20.2,74087.0,328.9635605988085,0.36,0.0,100.0,56959.0,0.15,160234.0,0.54,GB0 4,GB0 5,-2.583252000000002,53.481137,-3.699947107555958,55.75794503495423
111,0,0,0,0,0,0,0,0,0,0,0,0,0,0,0,0,0,0,0,0,0,0,0,0,0,0,0,0,0,0,0,0,0,0,0,0,0,0,0,0,0,0,0,0,0,0,0,0,0,0,0,0,0,0,0,0,1,0,0,0,0,-1,0,0,0,0,0,0,0,0,0,0,0,0,0,0,20.0,0.0,20.2,74087.0,127.9899049912176,0.36,0.0,100.0,56959.0,0.15,160234.0,0.54,GB0 4,GB0 9,-2.583252000000002,53.481137,-1.457966915427565,54.11853474215842
112,0,0,0,0,0,0,0,0,0,0,0,0,0,0,0,0,0,0,0,0,0,0,0,0,0,0,0,0,0,0,0,0,0,0,0,0,0,0,0,0,0,0,0,0,0,0,0,0,0,0,0,0,0,0,0,0,0,1,0,0,0,-1,0,0,0,0,0,0,0,0,0,0,0,0,0,0,20.0,0.0,20.2,74087.0,289.7434376662303,0.36,0.0,100.0,56959.0,0.15,160234.0,0.54,GB0 5,GB0 9,-3.699947107555958,55.75794503495423,-1.457966915427565,54.11853474215842
113,0,0,0,0,0,0,0,0,0,0,0,0,0,0,0,0,0,0,0,0,0,0,0,0,0,0,0,0,0,0,0,0,0,0,0,0,0,0,0,0,0,0,0,0,0,0,0,0,0,0,0,0,0,0,0,0,0,0,1,0,-1,0,0,0,0,0,0,0,0,0,0,0,0,0,0,0,20.0,0.0,20.2,74087.0,165.96789341455607,0.36,0.0,100.0,56959.0,0.15,160234.0,0.54,GB0 6,GB0 8,-3.3146490483229205,51.51069342086891,-1.4383506875000005,51.275725375
114,0,0,0,0,0,0,0,0,0,0,0,0,0,0,0,0,0,0,0,0,0,0,0,0,0,0,0,0,0,0,0,0,0,0,0,0,0,0,0,0,0,0,0,0,0,0,0,0,0,0,0,0,0,0,0,0,0,0,0,0,0,0,0,1,0,0,0,0,0,0,0,-1,0,0,0,0,20.0,0.0,20.2,74087.0,353.9390251636964,0.36,0.0,100.0,56959.0,0.15,160234.0,0.54,IT1 0,IT1 6,16.319274888888888,39.05643655555556,14.454193055555557,41.166062
115,0,0,0,0,0,0,0,0,0,0,0,0,0,0,0,0,0,0,0,0,0,0,0,0,0,0,0,0,0,0,0,0,0,0,0,0,0,0,0,0,0,0,0,0,0,0,0,0,0,0,0,0,0,0,0,0,0,0,0,0,0,0,0,1,0,0,0,0,0,0,0,0,-1,0,0,0,20.0,0.0,20.2,74087.0,233.3609598607713,0.36,0.0,100.0,56959.0,0.15,160234.0,0.54,IT1 0,IT1 7,16.319274888888888,39.05643655555556,17.06463909090909,40.63484909090909
116,0,0,0,0,0,0,0,0,0,0,0,0,0,0,0,0,0,0,0,0,0,0,0,0,0,0,0,0,0,0,0,0,0,0,0,0,0,0,0,0,0,0,0,0,0,0,0,0,0,0,0,0,0,0,0,0,0,0,0,0,0,0,0,1,0,0,0,0,0,0,0,0,0,-1,0,0,20.0,0.0,20.2,74087.0,288.01517460509393,0.36,0.0,100.0,56959.0,0.15,160234.0,0.54,IT1 0,IT1 8,16.319274888888888,39.05643655555556,14.363851625,37.662461375
117,0,0,0,0,0,0,0,0,0,0,0,0,0,0,0,0,0,0,0,0,0,0,0,0,0,0,0,0,0,0,0,0,0,0,0,0,0,0,0,0,0,0,0,0,0,0,0,0,0,0,0,0,0,0,0,0,0,0,0,0,0,0,0,0,1,-1,0,0,0,0,0,0,0,0,0,0,20.0,0.0,20.2,74087.0,249.9286247244626,0.36,0.0,100.0,56959.0,0.15,160234.0,0.54,IT1 1,IT1 10,9.230556359507956,45.29415845141039,10.77633958485252,43.87238187528471
118,0,0,0,0,0,0,0,0,0,0,0,0,0,0,0,0,0,0,0,0,0,0,0,0,0,0,0,0,0,0,0,0,0,0,0,0,0,0,0,0,0,0,0,0,0,0,0,0,0,0,0,0,0,0,0,0,0,0,0,0,0,0,0,0,1,0,0,0,0,0,-1,0,0,0,0,0,20.0,0.0,20.2,74087.0,140.941699376702,0.36,0.0,100.0,56959.0,0.15,160234.0,0.54,IT1 1,IT1 5,9.230556359507956,45.29415845141039,7.804870668635753,45.153095876777606
119,0,0,0,0,0,0,0,0,0,0,0,0,0,0,0,0,0,0,0,0,0,0,0,0,0,0,0,0,0,0,0,0,0,0,0,0,0,0,0,0,0,0,0,0,0,0,0,0,0,0,0,0,0,0,0,0,0,0,0,0,0,0,0,0,1,0,0,0,0,0,0,0,0,0,-1,0,20.0,0.0,20.2,74087.0,166.6388703713588,0.36,0.0,100.0,56959.0,0.15,160234.0,0.54,IT1 1,IT1 9,9.230556359507956,45.29415845141039,10.871049384222868,45.6311041992224
120,0,0,0,0,0,0,0,0,0,0,0,0,0,0,0,0,0,0,0,0,0,0,0,0,0,0,0,0,0,0,0,0,0,0,0,0,0,0,0,0,0,0,0,0,0,0,0,0,0,0,0,0,0,0,0,0,0,0,0,0,0,0,0,0,0,1,-1,0,0,0,0,0,0,0,0,0,20.0,0.0,20.2,74087.0,168.1611022141201,0.36,0.0,100.0,56959.0,0.15,160234.0,0.54,IT1 10,IT1 11,10.77633958485252,43.87238187528471,12.063540710654646,44.65601434632738
121,0,0,0,0,0,0,0,0,0,0,0,0,0,0,0,0,0,0,0,0,0,0,0,0,0,0,0,0,0,0,0,0,0,0,0,0,0,0,0,0,0,0,0,0,0,0,0,0,0,0,0,0,0,0,0,0,0,0,0,0,0,0,0,0,0,1,0,0,0,-1,0,0,0,0,0,0,20.0,0.0,20.2,74087.0,302.78301616664066,0.36,0.0,100.0,56959.0,0.15,160234.0,0.54,IT1 10,IT1 4,10.77633958485252,43.87238187528471,12.355585,42.0258570625
122,0,0,0,0,0,0,0,0,0,0,0,0,0,0,0,0,0,0,0,0,0,0,0,0,0,0,0,0,0,0,0,0,0,0,0,0,0,0,0,0,0,0,0,0,0,0,0,0,0,0,0,0,0,0,0,0,0,0,0,0,0,0,0,0,0,1,0,0,0,0,0,0,0,0,-1,0,20.0,0.0,20.2,74087.0,244.62989086389732,0.36,0.0,100.0,56959.0,0.15,160234.0,0.54,IT1 10,IT1 9,10.77633958485252,43.87238187528471,10.871049384222868,45.6311041992224
123,0,0,0,0,0,0,0,0,0,0,0,0,0,0,0,0,0,0,0,0,0,0,0,0,0,0,0,0,0,0,0,0,0,0,0,0,0,0,0,0,0,0,0,0,0,0,0,0,0,0,0,0,0,0,0,0,0,0,0,0,0,0,0,0,0,0,1,-1,0,0,0,0,0,0,0,0,20.0,0.0,20.2,74087.0,323.2086392569206,0.36,0.0,100.0,56959.0,0.15,160234.0,0.54,IT1 11,IT1 2,12.063540710654646,44.65601434632738,13.576105363636362,42.604392454545454
124,0,0,0,0,0,0,0,0,0,0,0,0,0,0,0,0,0,0,0,0,0,0,0,0,0,0,0,0,0,0,0,0,0,0,0,0,0,0,0,0,0,0,0,0,0,0,0,0,0,0,0,0,0,0,0,0,0,0,0,0,0,0,0,0,0,0,1,0,-1,0,0,0,0,0,0,0,20.0,0.0,20.2,74087.0,189.9945577765058,0.36,0.0,100.0,56959.0,0.15,160234.0,0.54,IT1 11,IT1 3,12.063540710654646,44.65601434632738,12.849557095238094,45.90608157142857
125,0,0,0,0,0,0,0,0,0,0,0,0,0,0,0,0,0,0,0,0,0,0,0,0,0,0,0,0,0,0,0,0,0,0,0,0,0,0,0,0,0,0,0,0,0,0,0,0,0,0,0,0,0,0,0,0,0,0,0,0,0,0,0,0,0,0,1,0,0,0,0,0,0,0,-1,0,20.0,0.0,20.2,74087.0,178.98224449440104,0.36,0.0,100.0,56959.0,0.15,160234.0,0.54,IT1 11,IT1 9,12.063540710654646,44.65601434632738,10.871049384222868,45.6311041992224
126,0,0,0,0,0,0,0,0,0,0,0,0,0,0,0,0,0,0,0,0,0,0,0,0,0,0,0,0,0,0,0,0,0,0,0,0,0,0,0,0,0,0,0,0,0,0,0,0,0,0,0,0,0,0,0,0,0,0,0,0,0,0,0,0,0,0,0,1,0,-1,0,0,0,0,0,0,20.0,0.0,20.2,74087.0,149.0024821018915,0.36,0.0,100.0,56959.0,0.15,160234.0,0.54,IT1 2,IT1 4,13.576105363636362,42.604392454545454,12.355585,42.0258570625
127,0,0,0,0,0,0,0,0,0,0,0,0,0,0,0,0,0,0,0,0,0,0,0,0,0,0,0,0,0,0,0,0,0,0,0,0,0,0,0,0,0,0,0,0,0,0,0,0,0,0,0,0,0,0,0,0,0,0,0,0,0,0,0,0,0,0,0,1,0,0,0,-1,0,0,0,0,20.0,0.0,20.2,74087.0,219.5953152359058,0.36,0.0,100.0,56959.0,0.15,160234.0,0.54,IT1 2,IT1 6,13.576105363636362,42.604392454545454,14.454193055555557,41.166062
128,0,0,0,0,0,0,0,0,0,0,0,0,0,0,0,0,0,0,0,0,0,0,0,0,0,0,0,0,0,0,0,0,0,0,0,0,0,0,0,0,0,0,0,0,0,0,0,0,0,0,0,0,0,0,0,0,0,0,0,0,0,0,0,0,0,0,0,0,1,0,0,0,0,0,-1,0,20.0,0.0,20.2,74087.0,195.59336340229305,0.36,0.0,100.0,56959.0,0.15,160234.0,0.54,IT1 3,IT1 9,12.849557095238094,45.90608157142857,10.871049384222868,45.6311041992224
129,0,0,0,0,0,0,0,0,0,0,0,0,0,0,0,0,0,0,0,0,0,0,0,0,0,0,0,0,0,0,0,0,0,0,0,0,0,0,0,0,0,0,0,0,0,0,0,0,0,0,0,0,0,0,0,0,0,0,0,0,0,0,0,0,0,0,0,0,0,1,0,-1,0,0,0,0,20.0,0.0,20.2,74087.0,248.7206644595887,0.36,0.0,100.0,56959.0,0.15,160234.0,0.54,IT1 4,IT1 6,12.355585,42.0258570625,14.454193055555557,41.166062
130,0,0,0,0,0,0,0,0,0,0,0,0,0,0,0,0,0,0,0,0,0,0,0,0,0,0,0,0,0,0,0,0,0,0,0,0,0,0,0,0,0,0,0,0,0,0,0,0,0,0,0,0,0,0,0,0,0,0,0,0,0,0,0,0,0,0,0,0,0,0,0,1,-1,0,0,0,20.0,0.0,20.2,74087.0,284.0010086284025,0.36,0.0,100.0,56959.0,0.15,160234.0,0.54,IT1 6,IT1 7,14.454193055555557,41.166062,17.06463909090909,40.63484909090909
131,0,0,0,0,0,0,0,0,0,0,0,0,0,0,0,0,0,0,0,0,0,-1,0,0,0,0,0,0,0,1,0,0,0,0,0,0,0,0,0,0,0,0,0,0,0,0,0,0,0,0,0,0,0,0,0,0,0,0,0,0,0,0,0,0,0,0,0,0,0,0,0,0,0,0,0,0,20.0,0.0,20.2,74087.0,376.9333562042837,0.36,0.0,100.0,56959.0,0.15,160234.0,0.54,ES4 0,ES1 1,2.7388916,39.6729018,-0.498247313630633,40.78999490093028
132,0,0,0,0,0,0,0,0,0,0,0,0,0,0,0,0,0,0,0,0,0,0,0,0,0,0,0,0,0,0,0,0,0,0,0,0,0,0,0,0,0,0,0,0,0,0,0,0,0,0,0,0,0,0,0,0,0,0,0,0,0,0,0,0,0,0,0,0,0,1,0,0,0,0,0,-1,20.0,0.0,20.2,74087.0,474.4609409903248,0.36,0.0,100.0,56959.0,0.15,160234.0,0.54,IT1 4,IT3 0,12.355585,42.0258570625,8.745975499999998,39.9681955
133,0,0,0,0,0,0,0,0,0,0,0,0,0,0,0,0,0,0,0,0,0,0,0,0,-1,0,0,0,0,0,0,0,0,0,0,0,0,0,0,0,0,0,0,0,0,1,0,0,0,0,0,0,0,0,0,0,0,0,0,0,0,0,0,0,0,0,0,0,0,0,0,0,0,0,0,0,20.0,0.0,20.2,74087.0,253.416960921022,0.36,0.0,100.0,56959.0,0.15,160234.0,0.54,FR1 6,ES1 4,1.729674828609724,43.51121310716024,1.53223151519779,41.69378610486426
134,0,0,0,0,0,0,0,0,0,0,0,0,0,0,0,0,0,0,0,0,0,0,0,0,0,0,0,0,0,0,0,0,0,0,0,0,0,0,0,0,0,0,-1,0,0,0,0,0,0,0,0,0,0,0,0,0,0,0,0,1,0,0,0,0,0,0,0,0,0,0,0,0,0,0,0,0,20.0,0.0,20.2,74087.0,207.38738922833235,0.36,0.0,100.0,56959.0,0.15,160234.0,0.54,GB0 7,FR1 3,0.6575011666666645,51.528312166666666,2.4240286159588798,50.53222179402777
135,0,0,0,0,0,0,0,0,0,0,0,0,0,0,0,0,0,0,0,0,0,0,0,0,0,0,0,0,0,0,0,0,0,0,0,0,0,0,0,0,0,0,0,0,0,0,0,0,0,0,0,0,0,0,0,0,0,1,0,0,0,0,-1,0,0,0,0,0,0,0,0,0,0,0,0,0,20.0,0.0,20.2,74087.0,243.01197984460177,0.36,0.0,100.0,56959.0,0.15,160234.0,0.54,GB0 5,GB5 0,-3.699947107555958,55.75794503495423,-6.097540942585512,54.668778749066895
136,0,0,0,0,0,0,0,0,0,0,0,0,0,0,0,0,0,0,0,0,0,0,0,0,0,0,0,0,0,0,0,0,0,0,0,0,0,0,0,0,0,0,0,0,0,0,0,0,0,0,0,0,0,0,0,0,0,1,0,0,0,0,-1,0,0,0,0,0,0,0,0,0,0,0,0,0,20.0,0.0,20.2,74087.0,243.01197984460177,0.36,0.0,100.0,56959.0,0.15,160234.0,0.54,GB0 5,GB5 0,-3.699947107555958,55.75794503495423,-6.097540942585512,54.668778749066895
137,0,0,0,0,0,0,0,0,0,0,0,0,0,0,0,0,0,0,0,0,0,0,0,0,0,0,1,0,0,0,0,0,0,-1,0,0,0,0,0,0,0,0,0,0,0,0,0,0,0,0,0,0,0,0,0,0,0,0,0,0,0,0,0,0,0,0,0,0,0,0,0,0,0,0,0,0,20.0,0.0,20.2,74087.0,473.01937163833134,0.36,0.0,100.0,56959.0,0.15,160234.0,0.54,ES1 6,FR1 11,-2.8968013540051976,42.7648961811579,-0.1477868720375819,45.53878517204548
138,0,0,0,0,0,0,0,0,0,0,0,0,0,0,0,0,0,0,0,0,0,0,0,0,0,0,0,0,0,0,0,0,0,0,0,0,1,0,0,0,0,0,0,0,0,0,0,0,0,0,0,0,0,0,0,0,0,0,0,0,-1,0,0,0,0,0,0,0,0,0,0,0,0,0,0,0,20.0,0.0,20.2,74087.0,376.2715917603242,0.36,0.0,100.0,56959.0,0.15,160234.0,0.54,FR1 14,GB0 8,0.5904750041596424,48.901817147533365,-1.4383506875000005,51.275725375
139,0,0,0,0,0,0,1,0,0,0,0,0,0,0,-1,0,0,0,0,0,0,0,0,0,0,0,0,0,0,0,0,0,0,0,0,0,0,0,0,0,0,0,0,0,0,0,0,0,0,0,0,0,0,0,0,0,0,0,0,0,0,0,0,0,0,0,0,0,0,0,0,0,0,0,0,0,20.0,0.0,20.2,74087.0,399.5577983771517,0.36,0.0,100.0,56959.0,0.15,160234.0,0.54,DE1 14,DE1 4,11.750300384615384,51.22456746153846,11.399736085399406,48.35883243095018
140,0,0,0,0,0,0,0,0,1,0,0,0,0,0,0,0,0,0,-1,0,0,0,0,0,0,0,0,0,0,0,0,0,0,0,0,0,0,0,0,0,0,0,0,0,0,0,0,0,0,0,0,0,0,0,0,0,0,0,0,0,0,0,0,0,0,0,0,0,0,0,0,0,0,0,0,0,20.0,0.0,20.2,74087.0,220.5950436523095,0.36,0.0,100.0,56959.0,0.15,160234.0,0.54,DE1 16,DE1 8,7.383087924978485,52.70033777690464,6.782045751405716,51.15711694730057
141,0,0,0,0,0,0,0,0,0,0,0,0,0,0,0,0,0,0,0,0,0,0,0,0,0,0,0,0,0,0,0,0,0,0,0,0,0,0,0,0,0,-1,0,0,0,0,0,0,0,0,0,0,0,0,0,0,0,0,1,0,0,0,0,0,0,0,0,0,0,0,0,0,0,0,0,0,20.0,0.0,20.2,74087.0,582.4991866367234,0.36,0.0,100.0,56959.0,0.15,160234.0,0.54,GB0 6,FR1 2,-3.3146490483229205,51.51069342086891,-1.259489522917447,47.53739282689119
142,-1,0,0,0,0,0,0,0,0,0,0,0,0,0,0,1,0,0,0,0,0,0,0,0,0,0,0,0,0,0,0,0,0,0,0,0,0,0,0,0,0,0,0,0,0,0,0,0,0,0,0,0,0,0,0,0,0,0,0,0,0,0,0,0,0,0,0,0,0,0,0,0,0,0,0,0,20.0,0.0,20.2,74087.0,637.9315281296251,0.36,0.0,100.0,56959.0,0.15,160234.0,0.54,DE1 5,DE1 0,9.656115621028528,53.772222705953226,8.585665971628911,49.23105928069339
143,0,0,0,0,0,0,0,0,0,0,0,0,0,0,0,0,0,0,0,0,0,0,0,0,0,0,0,0,0,0,0,0,0,0,0,0,-1,0,0,0,0,0,0,0,0,0,0,0,0,0,0,0,0,0,0,0,0,0,0,0,1,0,0,0,0,0,0,0,0,0,0,0,0,0,0,0,20.0,0.0,20.2,74087.0,376.2715917603242,0.36,0.0,100.0,56959.0,0.15,160234.0,0.54,GB0 8,FR1 14,-1.4383506875000005,51.275725375,0.5904750041596424,48.901817147533365
144,-1,0,0,0,0,0,0,0,0,0,0,0,0,0,0,0,0,0,1,0,0,0,0,0,0,0,0,0,0,0,0,0,0,0,0,0,0,0,0,0,0,0,0,0,0,0,0,0,0,0,0,0,0,0,0,0,0,0,0,0,0,0,0,0,0,0,0,0,0,0,0,0,0,0,0,0,20.0,0.0,20.2,74087.0,312.1080783473017,0.36,0.0,100.0,56959.0,0.15,160234.0,0.54,DE1 8,DE1 0,6.782045751405716,51.15711694730057,8.585665971628911,49.23105928069339
145,0,0,0,0,0,0,0,0,0,0,0,0,0,0,0,0,0,0,0,0,0,0,0,0,0,0,0,0,0,0,0,0,0,0,0,0,0,0,0,0,0,0,-1,0,0,0,0,0,0,0,0,0,0,0,0,0,0,0,0,1,0,0,0,0,0,0,0,0,0,0,0,0,0,0,0,0,20.0,0.0,20.2,74087.0,207.38738922833235,0.36,0.0,100.0,56959.0,0.15,160234.0,0.54,GB0 7,FR1 3,0.6575011666666645,51.528312166666666,2.4240286159588798,50.53222179402777
146,0,0,-1,0,0,0,0,0,0,0,0,0,0,0,0,0,0,0,0,0,0,0,0,0,0,0,0,0,0,0,0,0,0,0,0,0,0,0,0,0,0,0,0,0,0,0,0,0,0,0,0,0,0,0,0,0,0,0,0,1,0,0,0,0,0,0,0,0,0,0,0,0,0,0,0,0,20.0,0.0,20.2,74087.0,699.3777780206126,0.36,0.0,100.0,56959.0,0.15,160234.0,0.54,GB0 7,DE1 10,0.6575011666666645,51.528312166666666,8.442956595095849,53.183449756764006
147,0,0,0,0,0,0,0,0,0,0,0,0,0,0,0,0,0,0,0,0,0,0,0,0,0,0,0,0,0,0,0,0,0,0,0,0,0,0,0,0,0,0,0,0,0,0,0,0,0,0,0,0,0,0,0,0,0,0,0,0,0,0,0,0,0,-1,0,0,0,0,0,0,0,0,0,1,20.0,0.0,20.2,74087.0,581.8157278852775,0.36,0.0,100.0,56959.0,0.15,160234.0,0.54,IT3 0,IT1 10,8.745975499999998,39.9681955,10.77633958485252,43.87238187528471
